original_split,label,file,path,width,height,mode,md5,patient,ptype,group_id,split,target,pneumonia_score,predicted_target,predicted_label,correct,outcome,gradcam_target,recomputed_score,raw_positive_map_max,zero_positive_map,figure
train,PNEUMONIA,person116_virus_221.jpeg,chest_xray_dataset\train\PNEUMONIA\person116_virus_221.jpeg,1728,1168,L,f6fb9c167af0d59406fea2c5de2d5789,person116,viral,2283,val,1,0.9767012596130372,1,PNEUMONIA,True,TP,PNEUMONIA,0.9766904711723328,0.12664318084716797,False,01_TP_person116_virus_221.png
train,PNEUMONIA,person26_bacteria_123.jpeg,chest_xray_dataset\train\PNEUMONIA\person26_bacteria_123.jpeg,920,680,L,465f8fce49035f56b45ede84db368b34,person26,bacterial,3738,val,1,0.998830258846283,1,PNEUMONIA,True,TP,PNEUMONIA,0.9988307356834412,0.14620119333267212,False,02_TP_person26_bacteria_123.png
train,PNEUMONIA,person886_bacteria_2810.jpeg,chest_xray_dataset\train\PNEUMONIA\person886_bacteria_2810.jpeg,1372,817,L,648cfa0930e868c72d7acffc37d292bb,person886,bacterial,5629,val,1,0.9365512132644652,1,PNEUMONIA,True,TP,PNEUMONIA,0.9365453124046326,0.10241124033927917,False,03_TP_person886_bacteria_2810.png
train,NORMAL,NORMAL2-IM-1269-0001.jpeg,chest_xray_dataset\train\NORMAL\NORMAL2-IM-1269-0001.jpeg,1464,1164,L,2f3196604921d1092aa37d0a4e437686,NORMAL2-IM-1269,,1872,val,0,0.0017545592272654,0,NORMAL,True,TN,PNEUMONIA,0.0017547247698530555,0.06628787517547607,False,04_TN_NORMAL2-IM-1269-0001.png
train,NORMAL,NORMAL2-IM-1348-0001.jpeg,chest_xray_dataset\train\NORMAL\NORMAL2-IM-1348-0001.jpeg,1782,1391,L,fab15b8da385cc280646d8e390f9fcb6,NORMAL2-IM-1348,,1944,val,0,0.0461871773004531,0,NORMAL,True,TN,PNEUMONIA,0.04618576541543007,0.048346005380153656,False,05_TN_NORMAL2-IM-1348-0001.png
train,NORMAL,NORMAL2-IM-0602-0001.jpeg,chest_xray_dataset\train\NORMAL\NORMAL2-IM-0602-0001.jpeg,2619,2628,L,4ff005cd0c5d19821d42b3ff945d12c8,NORMAL2-IM-0602,,1389,val,0,0.0483910031616687,0,NORMAL,True,TN,PNEUMONIA,0.048372797667980194,0.06765684485435486,False,06_TN_NORMAL2-IM-0602-0001.png
test,NORMAL,IM-0030-0001.jpeg,chest_xray_dataset\test\NORMAL\IM-0030-0001.jpeg,1647,1314,L,e79a830dd3018d3c1ea7c521ac2e1626,IM-0030,,22,val,0,0.5890324711799622,1,PNEUMONIA,False,FP,PNEUMONIA,0.5888622403144836,0.0744251161813736,False,07_FP_IM-0030-0001.png
train,NORMAL,NORMAL2-IM-1406-0001.jpeg,chest_xray_dataset\train\NORMAL\NORMAL2-IM-1406-0001.jpeg,1376,936,L,80fb10bc437330967a2a71b3a4e09d91,NORMAL2-IM-1406,,1960,val,0,0.6183066368103027,1,PNEUMONIA,False,FP,PNEUMONIA,0.6181942820549011,0.0907481461763382,False,08_FP_NORMAL2-IM-1406-0001.png
train,NORMAL,NORMAL2-IM-1264-0001.jpeg,chest_xray_dataset\train\NORMAL\NORMAL2-IM-1264-0001.jpeg,1206,978,L,34cb3bca62c239a746f26b54ffb1da22,NORMAL2-IM-1264,,1865,val,0,0.6829204559326172,1,PNEUMONIA,False,FP,PNEUMONIA,0.6828668117523193,0.07880112528800964,False,09_FP_NORMAL2-IM-1264-0001.png
train,PNEUMONIA,person454_virus_938.jpeg,chest_xray_dataset\train\PNEUMONIA\person454_virus_938.jpeg,1953,1692,L,22eae27ed5db1164c3a8ce86bbed67f6,person454,viral,4493,val,1,0.1035062745213508,0,NORMAL,False,FN,PNEUMONIA,0.10354134440422058,0.044119033962488174,False,10_FN_person454_virus_938.png
train,PNEUMONIA,person1537_virus_2674.jpeg,chest_xray_dataset\train\PNEUMONIA\person1537_virus_2674.jpeg,1456,1312,L,89ad2658e9633b6142e86a1d97ec88f2,person1537,viral,3138,val,1,0.3877442479133606,0,NORMAL,False,FN,PNEUMONIA,0.3877102732658386,0.06460500508546829,False,11_FN_person1537_virus_2674.png
train,PNEUMONIA,person1360_virus_2341.jpeg,chest_xray_dataset\train\PNEUMONIA\person1360_virus_2341.jpeg,1632,1200,L,b077c4e5af0e3548fffae3192275d11e,person1360,viral,2718,val,1,0.2754943072795868,0,NORMAL,False,FN,PNEUMONIA,0.27536505460739136,0.09223386645317078,False,12_FN_person1360_virus_2341.png
