original_split,label,file,path,width,height,mode,md5,patient,ptype,group_id,split,target,pneumonia_score,predicted_target,predicted_label,correct,outcome,size_group,selection_reason,gradcam_target,recomputed_score,score_difference,recomputed_prediction,raw_positive_map_max,zero_positive_map,figure
train,PNEUMONIA,person116_virus_221.jpeg,chest_xray_dataset\train\PNEUMONIA\person116_virus_221.jpeg,1728,1168,L,f6fb9c167af0d59406fea2c5de2d5789,person116,viral,2283,val,1,0.9999767541885376,1,PNEUMONIA,True,TP,Q4,same_image_as_initial,PNEUMONIA,0.9999767541885376,0.0,1,1.4105677604675293,False,01_TP_person116_virus_221.png
train,PNEUMONIA,person26_bacteria_123.jpeg,chest_xray_dataset\train\PNEUMONIA\person26_bacteria_123.jpeg,920,680,L,465f8fce49035f56b45ede84db368b34,person26,bacterial,3738,val,1,0.9999998807907104,1,PNEUMONIA,True,TP,Q1,same_image_as_initial,PNEUMONIA,0.9999998807907104,0.0,1,1.951389193534851,False,02_TP_person26_bacteria_123.png
train,PNEUMONIA,person886_bacteria_2810.jpeg,chest_xray_dataset\train\PNEUMONIA\person886_bacteria_2810.jpeg,1372,817,L,648cfa0930e868c72d7acffc37d292bb,person886,bacterial,5629,val,1,0.9999454021453856,1,PNEUMONIA,True,TP,Q2,same_image_as_initial,PNEUMONIA,0.999945878982544,4.768371583141473e-07,1,0.8651763200759888,False,03_TP_person886_bacteria_2810.png
train,NORMAL,NORMAL2-IM-1269-0001.jpeg,chest_xray_dataset\train\NORMAL\NORMAL2-IM-1269-0001.jpeg,1464,1164,L,2f3196604921d1092aa37d0a4e437686,NORMAL2-IM-1269,,1872,val,0,0.0040387026965618,0,NORMAL,True,TN,Q3,same_image_as_initial,PNEUMONIA,0.004015751648694277,2.2951047867523534e-05,0,0.31442922353744507,False,04_TN_NORMAL2-IM-1269-0001.png
train,NORMAL,NORMAL2-IM-1348-0001.jpeg,chest_xray_dataset\train\NORMAL\NORMAL2-IM-1348-0001.jpeg,1782,1391,L,fab15b8da385cc280646d8e390f9fcb6,NORMAL2-IM-1348,,1944,val,0,0.0001534354960313,0,NORMAL,True,TN,Q4,same_image_as_initial,PNEUMONIA,0.00015346944564953446,3.3949618234474814e-08,0,0.01845034584403038,False,05_TN_NORMAL2-IM-1348-0001.png
train,NORMAL,NORMAL2-IM-0602-0001.jpeg,chest_xray_dataset\train\NORMAL\NORMAL2-IM-0602-0001.jpeg,2619,2628,L,4ff005cd0c5d19821d42b3ff945d12c8,NORMAL2-IM-0602,,1389,val,0,0.0020035316701978,0,NORMAL,True,TN,Q4,same_image_as_initial,PNEUMONIA,0.0019977830816060305,5.748588591769372e-06,0,0.6407411694526672,False,06_TN_NORMAL2-IM-0602-0001.png
test,NORMAL,IM-0030-0001.jpeg,chest_xray_dataset\test\NORMAL\IM-0030-0001.jpeg,1647,1314,L,e79a830dd3018d3c1ea7c521ac2e1626,IM-0030,,22,val,0,0.1722027659416198,0,NORMAL,True,TN,Q4,same_image_as_initial,PNEUMONIA,0.17296360433101654,0.0007608383893967507,0,0.22025041282176971,False,07_TN_IM-0030-0001.png
train,NORMAL,NORMAL2-IM-1406-0001.jpeg,chest_xray_dataset\train\NORMAL\NORMAL2-IM-1406-0001.jpeg,1376,936,L,80fb10bc437330967a2a71b3a4e09d91,NORMAL2-IM-1406,,1960,val,0,0.010497017763555,0,NORMAL,True,TN,Q3,same_image_as_initial,PNEUMONIA,0.010606842115521431,0.00010982435196643138,0,0.5197911858558655,False,08_TN_NORMAL2-IM-1406-0001.png
train,NORMAL,NORMAL2-IM-1264-0001.jpeg,chest_xray_dataset\train\NORMAL\NORMAL2-IM-1264-0001.jpeg,1206,978,L,34cb3bca62c239a746f26b54ffb1da22,NORMAL2-IM-1264,,1865,val,0,0.0017159463604912,0,NORMAL,True,TN,Q3,same_image_as_initial,PNEUMONIA,0.0017258033622056246,9.85700171442466e-06,0,0.16815701127052307,False,09_TN_NORMAL2-IM-1264-0001.png
train,PNEUMONIA,person454_virus_938.jpeg,chest_xray_dataset\train\PNEUMONIA\person454_virus_938.jpeg,1953,1692,L,22eae27ed5db1164c3a8ce86bbed67f6,person454,viral,4493,val,1,0.0660057142376899,0,NORMAL,False,FN,Q4,same_image_as_initial,PNEUMONIA,0.06663383543491364,0.0006281211972237327,0,0.33404237031936646,False,10_FN_person454_virus_938.png
train,PNEUMONIA,person1537_virus_2674.jpeg,chest_xray_dataset\train\PNEUMONIA\person1537_virus_2674.jpeg,1456,1312,L,89ad2658e9633b6142e86a1d97ec88f2,person1537,viral,3138,val,1,0.519255518913269,1,PNEUMONIA,True,TP,Q4,same_image_as_initial,PNEUMONIA,0.5211219787597656,0.001866459846496582,1,0.42964646220207214,False,11_TP_person1537_virus_2674.png
train,PNEUMONIA,person1360_virus_2341.jpeg,chest_xray_dataset\train\PNEUMONIA\person1360_virus_2341.jpeg,1632,1200,L,b077c4e5af0e3548fffae3192275d11e,person1360,viral,2718,val,1,0.9696105718612672,1,PNEUMONIA,True,TP,Q4,same_image_as_initial,PNEUMONIA,0.969412088394165,0.0001984834671021618,1,0.6869057416915894,False,12_TP_person1360_virus_2341.png
train,PNEUMONIA,person1022_virus_1712.jpeg,chest_xray_dataset\train\PNEUMONIA\person1022_virus_1712.jpeg,1584,1328,L,a1acf1186eef93f8530d574a7a8c24ca,person1022,viral,2003,val,1,0.3703078627586365,0,NORMAL,False,FN,Q4,additional_resnet50_FN,PNEUMONIA,0.3715845048427582,0.001276642084121704,0,0.5882691740989685,False,13_FN_person1022_virus_1712.png
train,PNEUMONIA,person302_virus_623.jpeg,chest_xray_dataset\train\PNEUMONIA\person302_virus_623.jpeg,2006,1647,L,bf43b900f989d7cb34550e0ed4219ffc,person302,viral,3878,val,1,0.0794666185975074,0,NORMAL,False,FN,Q4,additional_resnet50_FN,PNEUMONIA,0.0798322930932045,0.00036567449569710475,0,0.4172070622444153,False,14_FN_person302_virus_623.png
train,PNEUMONIA,person441_virus_894.jpeg,chest_xray_dataset\train\PNEUMONIA\person441_virus_894.jpeg,1562,1051,L,092689e421264cf69d869e0380f9abeb,person441,viral,4442,val,1,0.0239080786705017,0,NORMAL,False,FN,Q3,additional_resnet50_FN,PNEUMONIA,0.023866645991802216,4.1432678699483e-05,0,0.32626673579216003,False,15_FN_person441_virus_894.png
test,NORMAL,NORMAL2-IM-0233-0001.jpeg,chest_xray_dataset\test\NORMAL\NORMAL2-IM-0233-0001.jpeg,1560,1008,L,683ea40ee8eda847df77021caef4b178,NORMAL2-IM-0233,,134,val,0,0.8946634531021118,1,PNEUMONIA,False,FP,Q3,additional_resnet50_FP,PNEUMONIA,0.8946418166160583,2.1636486053466797e-05,1,0.5289391279220581,False,16_FP_NORMAL2-IM-0233-0001.png
test,NORMAL,NORMAL2-IM-0256-0001.jpeg,chest_xray_dataset\test\NORMAL\NORMAL2-IM-0256-0001.jpeg,984,496,L,13d8604137de5b7e162dc5443c1d8bb1,NORMAL2-IM-0256,,144,val,0,0.9999916553497314,1,PNEUMONIA,False,FP,Q1,additional_resnet50_FP,PNEUMONIA,0.9999916553497314,0.0,1,1.58148992061615,False,17_FP_NORMAL2-IM-0256-0001.png
train,NORMAL,IM-0178-0001.jpeg,chest_xray_dataset\train\NORMAL\IM-0178-0001.jpeg,1646,1124,L,9386687ce4936393d300f41f18c4e3d9,IM-0178,,656,val,0,0.8978315591812134,1,PNEUMONIA,False,FP,Q4,additional_resnet50_FP,PNEUMONIA,0.8969264626502991,0.0009050965309143066,1,0.6314274072647095,False,18_FP_IM-0178-0001.png
