epoch,stage,train_loss,val_loss,val_accuracy,val_recall,val_specificity,val_f1,val_roc_auc,epoch_seconds
1,head,0.31937957683561213,0.37008409732219977,0.7719498289623717,0.690625,0.9915611814345991,0.8154981549815498,0.9708992616033756,155.2628565999912
2,head,0.20655463131411259,0.27729612165805007,0.8415051311288484,0.7875,0.9873417721518988,0.8788142981691369,0.9765888713080169,107.24073239999416
3,head,0.18758706343395687,0.20583179645970923,0.8996579247434435,0.8703125,0.9789029535864979,0.9267886855241264,0.9793776371308016,109.3441099999909
4,finetune,0.1516152871594294,0.1755795537389532,0.9521094640820981,0.9640625,0.919831223628692,0.9670846394984326,0.9883504746835443,112.92411890000221
5,finetune,0.09065477749053366,0.11795369091133842,0.9464082098061574,0.94375,0.9535864978902954,0.9625498007968127,0.9917589662447257,113.40705749999324
6,finetune,0.05870468510349292,0.14757674454419806,0.9635119726339795,0.98125,0.9156118143459916,0.9751552795031055,0.9933610232067511,111.88380130000587
7,finetune,0.046266699996529145,0.1368063700662329,0.9737742303306728,0.990625,0.9282700421940928,0.9821843532145623,0.9954641350210971,114.0663629000046
8,finetune,0.038009011900760725,0.13101812534365243,0.9498289623717218,0.9375,0.9831223628691983,0.9646302250803859,0.993960970464135,111.09908369999903
9,finetune,0.03457412542075411,0.1758189861006721,0.9646522234891676,0.990625,0.8945147679324894,0.9761354888375674,0.9945938818565401,108.95663230000355
10,finetune,0.033672741577353026,0.10865954557309673,0.9669327251995439,0.9703125,0.9578059071729957,0.977183320220299,0.994798259493671,112.424385300008
11,finetune,0.021131641733712382,0.11971587305681311,0.9669327251995439,0.96875,0.9620253164556962,0.9771473601260835,0.9951048259493671,112.57050879999588
12,finetune,0.020253806973179026,0.3256556196283133,0.9498289623717218,0.9953125,0.8270042194092827,0.9666160849772383,0.9952366824894515,109.94357079999463
13,finetune,0.021439097773690956,0.14592744255542783,0.9475484606613455,0.934375,0.9831223628691983,0.9629629629629629,0.9942049050632912,114.00105269999767
14,finetune,0.01095908329122056,0.13851437776345304,0.9657924743443558,0.9671875,0.9620253164556962,0.9763406940063092,0.9953256856540085,114.22455289999198
15,finetune,0.02197179399092565,0.17589978074182833,0.9646522234891676,0.984375,0.9113924050632911,0.975987606506584,0.994376318565401,112.90368489999673
