epoch,seconds,train_loss,train_accuracy,train_precision,train_recall,train_f1,train_auc,val_loss,val_accuracy,val_precision,val_recall,val_f1,val_auc
1,201.73713250000037,0.6935358127387478,0.5155904738521974,0.7335834896810507,0.5267766924890536,0.6132130954714762,0.5051156637915465,0.6874537755445308,0.2702394526795895,0.0,0.0,0.0,0.7024591244725737
2,201.0603061999991,0.6408553910934454,0.5948931991161306,0.8539989264626946,0.5358706635230718,0.6585264900662252,0.6922937992101963,0.6178702820122174,0.7263397947548461,0.8623188405797102,0.74375,0.7986577181208053,0.7582212552742615
3,199.81025170000066,0.5985830556971712,0.6444880923152467,0.8958875585632483,0.5796564499831593,0.7038854805725971,0.7436151829777263,0.5739843512682442,0.6545039908779932,0.9265822784810127,0.571875,0.7072463768115942,0.7835574894514769
4,199.81908730000032,0.536656580472092,0.6980112938865701,0.9146399618502623,0.646008757157292,0.7572048953809711,0.8074447430208777,0.4934409198902352,0.8403648802736602,0.8799392097264438,0.9046875,0.8921417565485362,0.8795490506329113
5,203.29684420000012,0.4539904798201077,0.7800147311563957,0.9225438238891154,0.7622094981475244,0.83474732571007,0.8711684385998311,0.41366026162285624,0.8722919042189282,0.916403785488959,0.9078125,0.9120879120879121,0.9186511075949367
6,201.13818179999907,0.3964605542517633,0.8215074883378345,0.9382329945269742,0.8083529808016167,0.8684639044689705,0.9047752195391021,0.3432103710476322,0.8996579247434435,0.9451612903225807,0.915625,0.9301587301587302,0.9414425105485231
7,202.08141930000056,0.34582947837378625,0.8556346673213847,0.9535238095238096,0.8430447962276861,0.8948873793350018,0.9267158585577537,0.30722166300499587,0.8973774230330672,0.9523026315789473,0.9046875,0.9278846153846154,0.9484638713080169
8,200.5140305999994,0.3486438556909269,0.854652590228333,0.9473089951072639,0.8477601886156956,0.8947742623533594,0.9261304006130986,0.2919065962495662,0.8996579247434435,0.9509803921568627,0.909375,0.9297124600638977,0.952795358649789
9,198.8896320999993,0.31509171393369534,0.8657009575251657,0.9604562737642586,0.8507915122937015,0.9023039828540811,0.9397265096821746,0.2966184684053114,0.8620296465222349,0.9779005524861878,0.8296875,0.8977176669484361,0.9530920358649789
10,199.4325284000006,0.29628896998621573,0.8826417873803094,0.9624953583364277,0.873021219265746,0.9155775344401271,0.945808987557417,0.2661401988299162,0.8973774230330672,0.9614093959731543,0.8953125,0.9271844660194175,0.9579179852320675
11,202.9771824999989,0.2806368418021428,0.8826417873803094,0.9631833395314243,0.8723475917817447,0.9155178508306823,0.9511244819658208,0.28791395767656675,0.8506271379703535,0.9652650822669104,0.825,0.8896377422072451,0.9569554324894515
12,210.8581680999996,0.27497486842591784,0.8836238644733612,0.9618659755646057,0.8750421017177501,0.9164021164021164,0.953210042419006,0.31863776153482354,0.9190421892816419,0.9252615844544095,0.9671875,0.9457601222307105,0.9637130801687764
13,199.93277450000096,0.2576564065865091,0.8907439233979867,0.9636296840558413,0.883462445267767,0.9218063609207521,0.959038232020736,0.24446107086936858,0.9030786773090079,0.9601990049751243,0.9046875,0.9316170555108608,0.9645899261603376
14,198.92022629999883,0.23305837369370513,0.9042474834274491,0.9677185346391005,0.8986190636577972,0.9318896262661543,0.9664525580759638,0.23533395520637626,0.8996579247434435,0.9758620689655172,0.884375,0.9278688524590164,0.9666732594936709
15,199.31227949999993,0.23232576849198358,0.9064571568868156,0.9681620839363242,0.9013135735938026,0.9335426478283622,0.9666218802016978,0.22568517940346164,0.9156214367160775,0.966996699669967,0.915625,0.9406099518459069,0.9687038502109704
16,156.4167368999988,0.2441591332007356,0.8986005401424012,0.9620390455531453,0.8962613674637925,0.9279860505666957,0.9627430306402878,0.22272526925618727,0.9087799315849487,0.9745762711864406,0.8984375,0.9349593495934959,0.969560917721519
17,97.94284960000005,0.23941579138416053,0.9040019641541861,0.9653429602888086,0.9006399461098012,0.9318696637044781,0.9648159300696569,0.213317678619002,0.9315849486887116,0.967741935483871,0.9375,0.9523809523809523,0.973378164556962
18,98.4193153999986,0.221425889707917,0.9138227350847041,0.9691756272401434,0.9107443583698215,0.9390519187358917,0.9694982207447977,0.2090033810657949,0.9110604332953249,0.9746621621621622,0.9015625,0.9366883116883117,0.9734770569620251
19,96.57312030000139,0.20797811885767478,0.9165234470905966,0.970304114490161,0.9134388683058269,0.9410131852879945,0.9737196806615216,0.21539845610697975,0.9007981755986317,0.9792027729636048,0.8828125,0.9285127362366475,0.9746637658227847
20,98.92279960000087,0.21015472941351207,0.91431377363123,0.9691977077363897,0.9114179858538228,0.9394202395417462,0.9729505616003047,0.23416961197706285,0.8939566704675028,0.982363315696649,0.8703125,0.9229494614747308,0.9726661392405063
21,96.98675619999995,0.20212360859107478,0.9182420820034373,0.9724014336917562,0.9137756820478276,0.9421774613648203,0.9748329355026092,0.23724772312180345,0.935005701254276,0.943683409436834,0.96875,0.9560524286815728,0.9765954641350212
22,96.72154050000063,0.1959654431174567,0.9231524674686963,0.9719260838663824,0.9211855843718424,0.9458758429880685,0.976513648278589,0.2542557339805222,0.935005701254276,0.9409984871406959,0.971875,0.9561875480399693,0.9740835970464135
23,97.52080079999905,0.20622476216852884,0.9157868892708078,0.9682596291012838,0.9144493095318289,0.9405854841503551,0.9739719858831108,0.20682757739466165,0.9042189281641961,0.9826388888888888,0.884375,0.930921052631579,0.9773338607594937
24,94.89034359999823,0.18471523274258492,0.9275718143874294,0.9737774627923459,0.9255641630178512,0.9490588844759109,0.9788789715953744,0.19515698203475065,0.9144811858608894,0.9796264855687606,0.9015625,0.9389747762408462,0.9790150316455697
25,94.98409680000259,0.19036046536115706,0.9258531794745888,0.9717014503006721,0.9252273492758505,0.9478951000690131,0.9777202591025134,0.19640504041242762,0.9464082098061574,0.9669291338582677,0.959375,0.9631372549019608,0.9783491561181434
26,96.71987250000166,0.17801319281855293,0.9280628529339553,0.974804826117814,0.9252273492758505,0.9493692759633662,0.9804327690482816,0.1956867951700122,0.9293044469783353,0.9722222222222222,0.9296875,0.950479233226837,0.977643723628692
27,93.95595759999924,0.18134545101314278,0.9256076602013258,0.9723600283486888,0.9242169080498485,0.9476774304955966,0.9798000229423853,0.19752712982750265,0.9418472063854048,0.9682034976152624,0.9515625,0.9598108747044918,0.9781381856540083
28,94.05494019999969,0.1754876245211068,0.9312546034863737,0.9762663832801983,0.9282586729538566,0.9516574585635359,0.9810839727913073,0.2851409420526099,0.9372862029646523,0.9411764705882353,0.975,0.9577897160399079,0.9759691455696203
29,95.31879420000041,0.18059650256684684,0.9302725263933219,0.9748850371418465,0.9282586729538566,0.9510006901311249,0.9797676839417946,0.19036477246877134,0.9293044469783353,0.9676375404530745,0.934375,0.9507154213036566,0.977432753164557
30,94.7991793000001,0.17404909351081013,0.9332187576724773,0.9763334510773578,0.930953182889862,0.953103448275862,0.9808510404615813,0.19792019468790584,0.9441277080957811,0.966824644549763,0.95625,0.9615082482325216,0.9790018459915611
