split,label,file,path,width,height,mode,md5,patient,ptype,group_id
test,NORMAL,NORMAL2-IM-0096-0001.jpeg,chest_xray_dataset\test\NORMAL\NORMAL2-IM-0096-0001.jpeg,2517,1979,L,f9528b244ccd49f3d89ead90ba09c520,NORMAL2-IM-0096,,95
test,NORMAL,NORMAL2-IM-0173-0001-0002.jpeg,chest_xray_dataset\test\NORMAL\NORMAL2-IM-0173-0001-0002.jpeg,1304,952,L,f430f3359bdb6b06ebce9008f7d98b7d,NORMAL2-IM-0173,,118
test,NORMAL,NORMAL2-IM-0246-0001-0002.jpeg,chest_xray_dataset\test\NORMAL\NORMAL2-IM-0246-0001-0002.jpeg,1168,824,L,05c43c853e8209bf0423f73a6f0a8c58,NORMAL2-IM-0246,,140
test,PNEUMONIA,person128_bacteria_607.jpeg,chest_xray_dataset\test\PNEUMONIA\person128_bacteria_607.jpeg,1160,736,L,62f9117f9c56340e6d34a93de32f320c,person128,bacterial,2523
test,PNEUMONIA,person134_bacteria_644.jpeg,chest_xray_dataset\test\PNEUMONIA\person134_bacteria_644.jpeg,1184,792,L,fe703b7a0f66f29bfb5dc8a003ec3973,person134,bacterial,2696
test,PNEUMONIA,person1661_virus_2873.jpeg,chest_xray_dataset\test\PNEUMONIA\person1661_virus_2873.jpeg,1600,992,L,adf8b53df78fea92adf7ff3e80fb6810,person1661,viral,3360
train,NORMAL,NORMAL2-IM-0587-0001-0002.jpeg,chest_xray_dataset\train\NORMAL\NORMAL2-IM-0587-0001-0002.jpeg,2428,2540,L,dcc3ab0eaf19ff80af9d3d254b340da5,NORMAL2-IM-0587,,1379
train,PNEUMONIA,person1159_virus_1945.jpeg,chest_xray_dataset\train\PNEUMONIA\person1159_virus_1945.jpeg,1360,920,L,edbf5c2810fce5b00722716ab730e577,person1159,viral,2259
train,PNEUMONIA,person124_virus_247.jpeg,chest_xray_dataset\train\PNEUMONIA\person124_virus_247.jpeg,1296,888,L,b0ef364ad24cf8b19c70cf0e8debb1ee,person124,viral,2450
train,PNEUMONIA,person1261_virus_2148.jpeg,chest_xray_dataset\train\PNEUMONIA\person1261_virus_2148.jpeg,1184,808,L,3eaf3d1e7d169b19c280ff54c291cd0f,person1261,viral,2471
train,PNEUMONIA,person1312_bacteria_3318.jpeg,chest_xray_dataset\train\PNEUMONIA\person1312_bacteria_3318.jpeg,1624,1136,L,ee1a4aa1a4447f742f55464ef2483060,person1312,bacterial,2588
train,PNEUMONIA,person1343_bacteria_3414.jpeg,chest_xray_dataset\train\PNEUMONIA\person1343_bacteria_3414.jpeg,1384,864,L,b7d8223d200f9a48dcb9d598cddae2d6,person1343,bacterial,2675
train,PNEUMONIA,person1349_bacteria_3437.jpeg,chest_xray_dataset\train\PNEUMONIA\person1349_bacteria_3437.jpeg,1480,1208,L,077fce04eafc798401239d127a84f5f0,person1349,bacterial,2695
train,PNEUMONIA,person1372_bacteria_3502.jpeg,chest_xray_dataset\train\PNEUMONIA\person1372_bacteria_3502.jpeg,1800,1512,L,de69d5b43fa9b4894d8b938352ff5650,person1372,bacterial,2744
train,PNEUMONIA,person1372_bacteria_3503.jpeg,chest_xray_dataset\train\PNEUMONIA\person1372_bacteria_3503.jpeg,1800,1512,L,de69d5b43fa9b4894d8b938352ff5650,person1372,bacterial,2744
train,PNEUMONIA,person1430_bacteria_3696.jpeg,chest_xray_dataset\train\PNEUMONIA\person1430_bacteria_3696.jpeg,1144,792,L,4a8541c3e481489acfeb8bd6b58c6e85,person1430,bacterial,2876
train,PNEUMONIA,person1481_bacteria_3863.jpeg,chest_xray_dataset\train\PNEUMONIA\person1481_bacteria_3863.jpeg,1440,1168,L,ec767162c138e35cf6477b472bca6a24,person1481,bacterial,2998
train,PNEUMONIA,person1481_bacteria_3865.jpeg,chest_xray_dataset\train\PNEUMONIA\person1481_bacteria_3865.jpeg,1656,1200,L,b6e7fa964af9ca72fb90c64ab20b757b,person1481,bacterial,2998
train,PNEUMONIA,person1481_bacteria_3867.jpeg,chest_xray_dataset\train\PNEUMONIA\person1481_bacteria_3867.jpeg,1600,1176,L,23cd1cdafc40ad7f67e6d076ffec52ab,person1481,bacterial,2998
train,PNEUMONIA,person1496_bacteria_3910.jpeg,chest_xray_dataset\train\PNEUMONIA\person1496_bacteria_3910.jpeg,1296,1000,L,684d201b0ef1eeda6d64170a425910d9,person1496,bacterial,3048
train,PNEUMONIA,person1619_bacteria_4268.jpeg,chest_xray_dataset\train\PNEUMONIA\person1619_bacteria_4268.jpeg,1512,1272,L,061c1fac2e79c2d435a6d4c1e35894e7,person1619,bacterial,3301
train,PNEUMONIA,person1628_bacteria_4298.jpeg,chest_xray_dataset\train\PNEUMONIA\person1628_bacteria_4298.jpeg,1304,968,L,78ff1c623db8352507e4530f7eb86e11,person1628,bacterial,3311
train,PNEUMONIA,person162_virus_322.jpeg,chest_xray_dataset\train\PNEUMONIA\person162_virus_322.jpeg,1424,1224,L,56dea5c125ea059d9de1ce6a7676c00d,person162,viral,3316
train,PNEUMONIA,person258_bacteria_1208.jpeg,chest_xray_dataset\train\PNEUMONIA\person258_bacteria_1208.jpeg,1056,856,L,99e09ba874a343a760a4dd3bb7642099,person258,bacterial,3673
train,PNEUMONIA,person258_bacteria_1209.jpeg,chest_xray_dataset\train\PNEUMONIA\person258_bacteria_1209.jpeg,1056,856,L,99e09ba874a343a760a4dd3bb7642099,person258,bacterial,3673
train,PNEUMONIA,person264_bacteria_1231.jpeg,chest_xray_dataset\train\PNEUMONIA\person264_bacteria_1231.jpeg,1248,688,L,9cadd7257f9242e07fe1f974d5bac139,person264,bacterial,3705
train,PNEUMONIA,person266_bacteria_1238.jpeg,chest_xray_dataset\train\PNEUMONIA\person266_bacteria_1238.jpeg,952,688,L,d9a3798fd92e1580286909da52f27506,person266,bacterial,3720
train,PNEUMONIA,person30_bacteria_157.jpeg,chest_xray_dataset\train\PNEUMONIA\person30_bacteria_157.jpeg,1096,656,L,c7a269a84528269d8f34e6bceeb4d880,person30,bacterial,3912
train,PNEUMONIA,person357_virus_735.jpeg,chest_xray_dataset\train\PNEUMONIA\person357_virus_735.jpeg,1312,1112,L,23d698733d4709babc2bf0b40ea67cf4,person357,viral,4120
train,PNEUMONIA,person401_virus_798.jpeg,chest_xray_dataset\train\PNEUMONIA\person401_virus_798.jpeg,1328,856,L,9355430a9242aae9221a95db1f856164,person401,viral,4290
train,PNEUMONIA,person688_virus_1282.jpeg,chest_xray_dataset\train\PNEUMONIA\person688_virus_1282.jpeg,1136,1024,L,6438db6b162d478c8109e020c3c61b0d,person688,viral,5287
train,PNEUMONIA,person834_bacteria_2748.jpeg,chest_xray_dataset\train\PNEUMONIA\person834_bacteria_2748.jpeg,1000,560,L,8b643949f1cb8573042b036bd097531c,person834,bacterial,5547
