epoch,stage,seconds,train_loss,train_accuracy,train_precision,train_recall,train_specificity,train_f1,train_auc,val_loss,val_accuracy,val_precision,val_recall,val_specificity,val_f1,val_auc
1,head,113.65276460000314,0.30722880378006984,0.8922170390375644,0.9566787003610109,0.8925564163017851,0.8913043478260869,0.923505837253877,0.959640012008142,0.20597368062069235,0.9258836944127709,0.9752066115702479,0.921875,0.9367088607594937,0.9477911646586346,0.9774327531645569
2,head,113.8966328999959,0.20403682511311738,0.9170144856371225,0.9723518850987433,0.9120916133378242,0.9302536231884058,0.9412582551268682,0.9768860044127482,0.17934652602038811,0.9304446978335233,0.9816971713810316,0.921875,0.9535864978902954,0.9508460918614021,0.9813686708860758
3,head,113.5449590000062,0.18059601230851405,0.9287994107537442,0.9799355069867431,0.9211855843718424,0.9492753623188406,0.9496527777777778,0.9811611592738491,0.17192941714617654,0.9407069555302167,0.9741935483870968,0.94375,0.9324894514767933,0.9587301587301588,0.9831289556962026
4,finetune,116.41370370000368,0.1490322995182971,0.9396022587773141,0.9795702712222614,0.9366790165038733,0.947463768115942,0.9576446280991735,0.9858882974309409,0.14833420515704226,0.9566704675028507,0.9762658227848101,0.9640625,0.9367088607594937,0.970125786163522,0.9898536392405063
5,finetune,115.07296069999575,0.08683618147743845,0.9651362631966609,0.9892696434752509,0.9626136746379252,0.9719202898550725,0.9757596449300102,0.9950085057673251,0.11555526307627675,0.9657924743443558,0.9841269841269841,0.96875,0.9578059071729957,0.9763779527559056,0.993150052742616
6,finetune,114.18062929999724,0.057788683501114074,0.9781487846795973,0.9934886908841672,0.9764230380599529,0.9827898550724637,0.9848819432648208,0.997368947725531,0.15037342370364806,0.95096921322691,0.9869494290375204,0.9453125,0.9662447257383966,0.965682362330407,0.9910897943037975
7,finetune,114.49759959999938,0.05012786797051296,0.9823226123250676,0.9948752989408951,0.9808016167059616,0.9864130434782609,0.9877883310719131,0.9980588972522833,0.09464702146672044,0.976054732041049,0.9904912836767037,0.9765625,0.9746835443037974,0.983477576711251,0.9937697784810127
8,finetune,113.6551318999991,0.04635160687679109,0.9828136508715934,0.9945411122483794,0.9818120579319636,0.9855072463768116,0.988135593220339,0.998586846691171,0.0930728991508796,0.9680729760547321,0.9919614147909968,0.9640625,0.9789029535864979,0.9778129952456418,0.9959585970464135
9,finetune,115.37524829999893,0.031726332743511367,0.9862509206972747,0.9955767267778156,0.985517009093971,0.9882246376811594,0.990521327014218,0.9994114912062325,0.10660025513271318,0.9680729760547321,0.9951456310679612,0.9609375,0.9873417721518988,0.9777424483306836,0.9946400316455697
10,finetune,112.61432179999247,0.021306108985275213,0.9911613061625337,0.9972872160054256,0.9905692152239811,0.9927536231884058,0.9939168638053396,0.9997345761272277,0.1326038154232764,0.9692132269099202,0.9796557120500783,0.978125,0.9451476793248945,0.9788897576231431,0.9950224156118144
11,finetune,115.17770590000146,0.02985491653929014,0.9889516327031672,0.9979564032697548,0.9868642640619737,0.9945652173913043,0.9923793395427604,0.9993350674359687,0.1197916803943416,0.9623717217787914,0.9934959349593496,0.9546875,0.9831223628691983,0.9737051792828685,0.9943993934599157
12,finetune,114.76713720000407,0.019689694725197646,0.9928799410753744,0.9983050847457627,0.9919164701919838,0.9954710144927537,0.9951005237371178,0.999731677820571,0.10650686277841367,0.9794754846066135,0.9889937106918238,0.9828125,0.9704641350210971,0.9858934169278997,0.9950323048523206
13,finetune,112.86468089999107,0.018564167929711314,0.9928799410753744,0.9976303317535545,0.9925900976759852,0.9936594202898551,0.9951038325173054,0.9997704236042975,0.11695311075852262,0.9794754846066135,0.9889937106918238,0.9828125,0.9704641350210971,0.9858934169278997,0.9954542457805908
