threshold,accuracy,balanced_accuracy,precision,recall,specificity,f1,true_negatives,false_positives,false_negatives,true_positives
0.0,0.7297605473204105,0.5,0.7297605473204105,1.0,0.0,0.8437705998681608,0,237,0,640
4.3589123e-09,0.7297605473204105,0.5,0.7297605473204105,1.0,0.0,0.8437705998681608,0,237,0,640
5.0489117e-08,0.7309007981755986,0.5021097046413502,0.730593607305936,1.0,0.004219409282700422,0.8443271767810027,1,236,0,640
5.584012e-08,0.7320410490307868,0.5042194092827004,0.7314285714285714,1.0,0.008438818565400843,0.8448844884488449,2,235,0,640
1.07554186e-07,0.7331812998859749,0.5063291139240507,0.7322654462242563,1.0,0.012658227848101266,0.845442536327609,3,234,0,640
1.2785587e-07,0.734321550741163,0.5084388185654009,0.7331042382588774,1.0,0.016877637130801686,0.8460013218770654,4,233,0,640
1.648811e-07,0.7354618015963512,0.510548523206751,0.7339449541284404,1.0,0.02109704641350211,0.8465608465608465,5,232,0,640
1.8056188e-07,0.7366020524515393,0.5126582278481012,0.7347876004592423,1.0,0.02531645569620253,0.8471211118464593,6,231,0,640
2.245871e-07,0.7377423033067275,0.5147679324894515,0.735632183908046,1.0,0.029535864978902954,0.847682119205298,7,230,0,640
2.946089e-07,0.7388825541619156,0.5168776371308017,0.7364787111622555,1.0,0.03375527426160337,0.8482438701126573,8,229,0,640
3.314848e-07,0.7400228050171037,0.5189873417721519,0.7373271889400922,1.0,0.0379746835443038,0.8488063660477454,9,228,0,640
5.6057706e-07,0.7411630558722919,0.5210970464135021,0.7381776239907728,1.0,0.04219409282700422,0.8493696084936961,10,227,0,640
5.6950046e-07,0.74230330672748,0.5232067510548524,0.7390300230946882,1.0,0.046413502109704644,0.849933598937583,11,226,0,640
5.801134e-07,0.7434435575826682,0.5253164556962026,0.7398843930635838,1.0,0.05063291139240506,0.8504983388704319,12,225,0,640
6.732135e-07,0.7445838084378563,0.5274261603375527,0.7407407407407407,1.0,0.05485232067510549,0.851063829787234,13,224,0,640
6.9742975e-07,0.7457240592930444,0.5295358649789029,0.7415990730011588,1.0,0.05907172995780591,0.8516300731869594,14,223,0,640
8.314249e-07,0.7468643101482326,0.5316455696202531,0.7424593967517401,1.0,0.06329113924050633,0.8521970705725699,15,222,0,640
8.614013e-07,0.7480045610034207,0.5337552742616034,0.743321718931475,1.0,0.06751054852320675,0.8527648234510327,16,221,0,640
8.9465016e-07,0.7491448118586089,0.5358649789029536,0.7441860465116279,1.0,0.07172995780590717,0.8533333333333334,17,220,0,640
1.0057593e-06,0.750285062713797,0.5379746835443038,0.7450523864959255,1.0,0.0759493670886076,0.8539026017344896,18,219,0,640
1.0540106e-06,0.7514253135689852,0.540084388185654,0.745920745920746,1.0,0.08016877637130802,0.8544726301735648,19,218,0,640
1.1611776e-06,0.7525655644241733,0.5421940928270043,0.7467911318553092,1.0,0.08438818565400844,0.8550434201736807,20,217,0,640
1.3224311e-06,0.7537058152793614,0.5443037974683544,0.7476635514018691,1.0,0.08860759493670886,0.8556149732620321,21,216,0,640
1.4037523e-06,0.7548460661345496,0.5464135021097046,0.7485380116959064,1.0,0.09282700421940929,0.8561872909698997,22,215,0,640
1.4092678e-06,0.7559863169897377,0.5485232067510548,0.7494145199063232,1.0,0.0970464135021097,0.856760374832664,23,214,0,640
1.5175095e-06,0.7571265678449259,0.5506329113924051,0.7502930832356389,1.0,0.10126582278481013,0.8573342263898192,24,213,0,640
1.538631e-06,0.758266818700114,0.5527426160337553,0.7511737089201878,1.0,0.10548523206751055,0.8579088471849866,25,212,0,640
1.7507167e-06,0.7594070695553021,0.5548523206751055,0.7520564042303173,1.0,0.10970464135021098,0.8584842387659289,26,211,0,640
1.9035298e-06,0.7605473204104903,0.5569620253164557,0.7529411764705882,1.0,0.11392405063291139,0.8590604026845637,27,210,0,640
1.9308857e-06,0.7616875712656784,0.5590717299578059,0.7538280329799765,1.0,0.11814345991561181,0.8596373404969778,28,209,0,640
2.002577e-06,0.7628278221208666,0.5611814345991561,0.7547169811320755,1.0,0.12236286919831224,0.8602150537634409,29,208,0,640
2.2645036e-06,0.7639680729760547,0.5632911392405063,0.755608028335301,1.0,0.12658227848101267,0.8607935440484197,30,207,0,640
2.9663818e-06,0.7651083238312428,0.5654008438818565,0.7565011820330969,1.0,0.1308016877637131,0.8613728129205922,31,206,0,640
3.1109712e-06,0.766248574686431,0.5675105485232067,0.757396449704142,1.0,0.1350210970464135,0.8619528619528619,32,205,0,640
3.421369e-06,0.7673888255416191,0.569620253164557,0.7582938388625592,1.0,0.13924050632911392,0.862533692722372,33,204,0,640
3.4243621e-06,0.7685290763968073,0.5717299578059072,0.7591933570581257,1.0,0.14345991561181434,0.8631153068105192,34,203,0,640
4.080284e-06,0.7696693272519954,0.5738396624472574,0.7600950118764845,1.0,0.14767932489451477,0.863697705802969,35,202,0,640
4.2394577e-06,0.7708095781071835,0.5759493670886076,0.760998810939358,1.0,0.1518987341772152,0.8642808912896691,36,201,0,640
4.436452e-06,0.7719498289623717,0.5780590717299579,0.7619047619047619,1.0,0.15611814345991562,0.8648648648648649,37,200,0,640
4.967266e-06,0.7730900798175598,0.580168776371308,0.7628128724672228,1.0,0.16033755274261605,0.8654496281271129,38,199,0,640
5.1205466e-06,0.774230330672748,0.5822784810126582,0.7637231503579952,1.0,0.16455696202531644,0.8660351826792964,39,198,0,640
5.1913257e-06,0.7753705815279361,0.5843881856540084,0.7646356033452808,1.0,0.16877637130801687,0.8666215301286392,40,197,0,640
6.0588723e-06,0.7765108323831242,0.5864978902953586,0.7655502392344498,1.0,0.1729957805907173,0.8672086720867209,41,196,0,640
6.0725e-06,0.7776510832383124,0.5886075949367089,0.7664670658682635,1.0,0.17721518987341772,0.8677966101694915,42,195,0,640
6.6260454e-06,0.7787913340935005,0.5907172995780591,0.7673860911270983,1.0,0.18143459915611815,0.8683853459972863,43,194,0,640
6.9340485e-06,0.7799315849486887,0.5928270042194093,0.7683073229291717,1.0,0.18565400843881857,0.8689748811948405,44,193,0,640
6.9745774e-06,0.7810718358038768,0.5949367088607596,0.7692307692307693,1.0,0.189873417721519,0.8695652173913043,45,192,0,640
8.1378685e-06,0.7822120866590649,0.5970464135021097,0.7701564380264742,1.0,0.1940928270042194,0.8701563562202583,46,191,0,640
8.675054e-06,0.7833523375142531,0.5991561181434599,0.7710843373493976,1.0,0.19831223628691982,0.8707482993197279,47,190,0,640
9.175209e-06,0.7844925883694412,0.6012658227848101,0.7720144752714113,1.0,0.20253164556962025,0.8713410483321987,48,189,0,640
9.927412e-06,0.7856328392246295,0.6033755274261603,0.7729468599033816,1.0,0.20675105485232068,0.8719346049046321,49,188,0,640
1.0015641e-05,0.7867730900798175,0.6054852320675106,0.7738814993954051,1.0,0.2109704641350211,0.8725289706884799,50,187,0,640
1.0709708e-05,0.7879133409350056,0.6075949367088608,0.774818401937046,1.0,0.21518987341772153,0.8731241473396999,51,186,0,640
1.0837912e-05,0.7890535917901939,0.609704641350211,0.7757575757575758,1.0,0.21940928270042195,0.8737201365187713,52,185,0,640
1.1853795e-05,0.790193842645382,0.6118143459915611,0.7766990291262136,1.0,0.22362869198312235,0.8743169398907104,53,184,0,640
1.2009076e-05,0.7913340935005702,0.6139240506329113,0.7776427703523694,1.0,0.22784810126582278,0.8749145591250854,54,183,0,640
1.2179334e-05,0.7924743443557583,0.6160337552742616,0.7785888077858881,1.0,0.2320675105485232,0.8755129958960328,55,182,0,640
1.2237291e-05,0.7936145952109465,0.6181434599156118,0.7795371498172959,1.0,0.23628691983122363,0.8761122518822724,56,181,0,640
1.2542478e-05,0.7947548460661346,0.620253164556962,0.7804878048780488,1.0,0.24050632911392406,0.8767123287671232,57,180,0,640
1.4327895e-05,0.7958950969213227,0.6223628691983123,0.7814407814407814,1.0,0.24472573839662448,0.8773132282385195,58,179,0,640
1.4669233e-05,0.7970353477765109,0.6244725738396625,0.78239608801956,1.0,0.2489451476793249,0.877914951989026,59,178,0,640
1.5826965e-05,0.798175598631699,0.6265822784810127,0.7833537331701347,1.0,0.25316455696202533,0.8785175017158545,60,177,0,640
2.0631525e-05,0.7993158494868872,0.6286919831223629,0.7843137254901961,1.0,0.25738396624472576,0.8791208791208791,61,176,0,640
2.1971002e-05,0.8004561003420753,0.630801687763713,0.7852760736196319,1.0,0.2616033755274262,0.8797250859106529,62,175,0,640
2.5039004e-05,0.8015963511972634,0.6329113924050633,0.7862407862407862,1.0,0.26582278481012656,0.8803301237964236,63,174,0,640
2.6638134e-05,0.8027366020524516,0.6350210970464135,0.7872078720787208,1.0,0.270042194092827,0.88093599449415,64,173,0,640
2.7342421e-05,0.8038768529076397,0.6371308016877637,0.7881773399014779,1.0,0.2742616033755274,0.8815426997245179,65,172,0,640
2.8147293e-05,0.8050171037628279,0.6392405063291139,0.7891491985203453,1.0,0.27848101265822783,0.8821502412129566,66,171,0,640
2.8312726e-05,0.806157354618016,0.6413502109704641,0.7901234567901234,1.0,0.28270042194092826,0.8827586206896552,67,170,0,640
2.8871378e-05,0.8072976054732041,0.6434599156118144,0.7911001236093943,1.0,0.2869198312236287,0.883367839889579,68,169,0,640
3.0698244e-05,0.8084378563283923,0.6455696202531646,0.7920792079207921,1.0,0.2911392405063291,0.8839779005524862,69,168,0,640
3.2011867e-05,0.8095781071835804,0.6476793248945147,0.7930607187112764,1.0,0.29535864978902954,0.8845888044229441,70,167,0,640
3.237737e-05,0.8107183580387686,0.649789029535865,0.794044665012407,1.0,0.29957805907172996,0.8852005532503457,71,166,0,640
3.2915996e-05,0.8118586088939567,0.6518987341772152,0.7950310559006211,1.0,0.3037974683544304,0.8858131487889274,72,165,0,640
3.444916e-05,0.8129988597491448,0.6540084388185654,0.7960199004975125,1.0,0.3080168776371308,0.8864265927977839,73,164,0,640
3.892788e-05,0.814139110604333,0.6561181434599156,0.797011207970112,1.0,0.31223628691983124,0.887040887040887,74,163,0,640
4.0920248e-05,0.8152793614595211,0.6582278481012658,0.7980049875311721,1.0,0.31645569620253167,0.8876560332871013,75,162,0,640
4.682763e-05,0.8164196123147093,0.6603375527426161,0.7990012484394506,1.0,0.3206751054852321,0.8882720333102012,76,161,0,640
4.690911e-05,0.8175598631698974,0.6624472573839663,0.8,1.0,0.32489451476793246,0.8888888888888888,77,160,0,640
4.7325222e-05,0.8187001140250855,0.6645569620253164,0.8010012515644556,1.0,0.3291139240506329,0.8895066018068103,78,159,0,640
4.8538557e-05,0.8198403648802737,0.6666666666666666,0.8020050125313283,1.0,0.3333333333333333,0.8901251738525731,79,158,0,640
6.3447245e-05,0.8209806157354618,0.6687763713080168,0.8030112923462986,1.0,0.33755274261603374,0.8907446068197634,80,157,0,640
6.511404e-05,0.82212086659065,0.6708860759493671,0.8040201005025126,1.0,0.34177215189873417,0.8913649025069638,81,156,0,640
6.897448e-05,0.8232611174458381,0.6729957805907173,0.8050314465408805,1.0,0.3459915611814346,0.89198606271777,82,155,0,640
7.1399125e-05,0.8244013683010262,0.6751054852320675,0.8060453400503779,1.0,0.350210970464135,0.8926080892608089,83,154,0,640
7.24018e-05,0.8255416191562144,0.6772151898734178,0.807061790668348,1.0,0.35443037974683544,0.8932309839497558,84,153,0,640
7.5181575e-05,0.8266818700114025,0.679324894514768,0.8080808080808081,1.0,0.35864978902953587,0.8938547486033519,85,152,0,640
7.6520395e-05,0.8278221208665907,0.6814345991561181,0.809102402022756,1.0,0.3628691983122363,0.8944793850454228,86,151,0,640
7.805474e-05,0.8289623717217788,0.6835443037974683,0.810126582278481,1.0,0.3670886075949367,0.8951048951048951,87,150,0,640
7.80563e-05,0.830102622576967,0.6856540084388185,0.8111533586818758,1.0,0.37130801687763715,0.8957312806158153,88,149,0,640
7.812765e-05,0.8312428734321551,0.6877637130801688,0.8121827411167513,1.0,0.3755274261603376,0.896358543417367,89,148,0,640
8.325887e-05,0.8323831242873432,0.689873417721519,0.8132147395171537,1.0,0.379746835443038,0.8969866853538893,90,147,0,640
8.411315e-05,0.8335233751425314,0.6919831223628692,0.8142493638676844,1.0,0.38396624472573837,0.8976157082748948,91,146,0,640
8.6041255e-05,0.8346636259977195,0.6940928270042194,0.8152866242038217,1.0,0.3881856540084388,0.8982456140350877,92,145,0,640
8.9082794e-05,0.8358038768529077,0.6962025316455696,0.8163265306122449,1.0,0.3924050632911392,0.898876404494382,93,144,0,640
9.018866e-05,0.8369441277080958,0.6983122362869199,0.8173690932311622,1.0,0.39662447257383965,0.8995080815179198,94,143,0,640
9.9887075e-05,0.8380843785632839,0.70042194092827,0.8184143222506394,1.0,0.4008438818565401,0.90014064697609,95,142,0,640
0.00010784235,0.8392246294184721,0.7025316455696202,0.8194622279129321,1.0,0.4050632911392405,0.9007741027445461,96,141,0,640
0.00010966669,0.8403648802736602,0.7046413502109705,0.8205128205128205,1.0,0.4092827004219409,0.9014084507042254,97,140,0,640
0.00012167744,0.8415051311288484,0.7067510548523207,0.8215661103979461,1.0,0.41350210970464135,0.9020436927413672,98,139,0,640
0.0001276121,0.8426453819840365,0.7088607594936709,0.8226221079691517,1.0,0.4177215189873418,0.9026798307475318,99,138,0,640
0.00012876758,0.8437856328392246,0.7109704641350211,0.8236808236808236,1.0,0.4219409282700422,0.903316866619619,100,137,0,640
0.00013531186,0.8449258836944128,0.7130801687763713,0.8247422680412371,1.0,0.42616033755274263,0.903954802259887,101,136,0,640
0.00015243178,0.8460661345496009,0.7151898734177216,0.8258064516129032,1.0,0.43037974683544306,0.9045936395759717,102,135,0,640
0.0001530067,0.8472063854047891,0.7172995780590717,0.8268733850129198,1.0,0.4345991561181435,0.9052333804809052,103,134,0,640
0.00015523897,0.8483466362599772,0.7194092827004219,0.8279430789133247,1.0,0.4388185654008439,0.9058740268931351,104,133,0,640
0.00016450939,0.8494868871151653,0.7215189873417721,0.8290155440414507,1.0,0.4430379746835443,0.9065155807365439,105,132,0,640
0.00016713336,0.8506271379703535,0.7236286919831223,0.8300907911802854,1.0,0.4472573839662447,0.9071580439404677,106,131,0,640
0.00017370572,0.8517673888255416,0.7257383966244726,0.8311688311688312,1.0,0.45147679324894513,0.9078014184397163,107,130,0,640
0.00017540756,0.8529076396807298,0.7278481012658228,0.8322496749024707,1.0,0.45569620253164556,0.9084457061745919,108,129,0,640
0.0001755605,0.8540478905359179,0.729957805907173,0.8333333333333334,1.0,0.459915611814346,0.9090909090909091,109,128,0,640
0.00018080816,0.855188141391106,0.7320675105485233,0.834419817470665,1.0,0.4641350210970464,0.9097370291400142,110,127,0,640
0.00018883671,0.8563283922462942,0.7341772151898734,0.835509138381201,1.0,0.46835443037974683,0.9103840682788051,111,126,0,640
0.00019263722,0.8574686431014823,0.7362869198312236,0.8366013071895425,1.0,0.47257383966244726,0.9110320284697508,112,125,0,640
0.00021101277,0.8586088939566705,0.7383966244725738,0.837696335078534,1.0,0.4767932489451477,0.9116809116809117,113,124,0,640
0.00021302866,0.8597491448118586,0.740506329113924,0.8387942332896461,1.0,0.4810126582278481,0.9123307198859587,114,123,0,640
0.00025708022,0.8608893956670467,0.7426160337552743,0.8398950131233596,1.0,0.48523206751054854,0.912981455064194,115,122,0,640
0.00026048257,0.8620296465222349,0.7447257383966245,0.8409986859395532,1.0,0.48945147679324896,0.913633119200571,116,121,0,640
0.0002694609,0.863169897377423,0.7468354430379747,0.8421052631578947,1.0,0.4936708860759494,0.9142857142857143,117,120,0,640
0.00027107113,0.8643101482326112,0.748945147679325,0.8432147562582345,1.0,0.4978902953586498,0.9149392423159399,118,119,0,640
0.0003013041,0.8654503990877993,0.751054852320675,0.8443271767810027,1.0,0.5021097046413502,0.9155937052932761,119,118,0,640
0.00030972454,0.8665906499429875,0.7531645569620253,0.845442536327609,1.0,0.5063291139240507,0.9162491052254832,120,117,0,640
0.00033424323,0.8677309007981756,0.7552742616033755,0.8465608465608465,1.0,0.510548523206751,0.9169054441260746,121,116,0,640
0.00037165245,0.8688711516533637,0.7573839662447257,0.847682119205298,1.0,0.5147679324894515,0.9175627240143369,122,115,0,640
0.00045051868,0.8700114025085519,0.759493670886076,0.8488063660477454,1.0,0.5189873417721519,0.9182209469153515,123,114,0,640
0.00045193077,0.87115165336374,0.7616033755274262,0.849933598937583,1.0,0.5232067510548524,0.9188801148600143,124,113,0,640
0.0005020019,0.8722919042189282,0.7637130801687764,0.851063829787234,1.0,0.5274261603375527,0.9195402298850575,125,112,0,640
0.0005443492,0.8734321550741163,0.7658227848101266,0.8521970705725699,1.0,0.5316455696202531,0.9202012940330697,126,111,0,640
0.0005484751,0.8745724059293044,0.7679324894514767,0.8533333333333334,1.0,0.5358649789029536,0.920863309352518,127,110,0,640
0.0005504369,0.8734321550741163,0.7671512394514768,0.8531375166889186,0.9984375,0.5358649789029536,0.9200863930885529,127,110,1,639
0.00058548944,0.8745724059293044,0.769260944092827,0.8542780748663101,0.9984375,0.540084388185654,0.920749279538905,128,109,1,639
0.0006119585,0.8757126567844926,0.7713706487341772,0.8554216867469879,0.9984375,0.5443037974683544,0.9214131218457101,129,108,1,639
0.00068634114,0.8768529076396807,0.7734803533755275,0.8565683646112601,0.9984375,0.5485232067510548,0.922077922077922,130,107,1,639
0.0006982803,0.8779931584948689,0.7755900580168776,0.8577181208053691,0.9984375,0.5527426160337553,0.9227436823104693,131,106,1,639
0.00072603003,0.879133409350057,0.7776997626582278,0.8588709677419355,0.9984375,0.5569620253164557,0.9234104046242775,132,105,1,639
0.0007822113,0.8802736602052451,0.7798094672995781,0.8600269179004038,0.9984375,0.5611814345991561,0.9240780911062907,133,104,1,639
0.00082259875,0.8814139110604333,0.7819191719409282,0.8611859838274932,0.9984375,0.5654008438818565,0.9247467438494935,134,103,1,639
0.00082638673,0.8825541619156214,0.7840288765822785,0.8623481781376519,0.9984375,0.569620253164557,0.9254163649529327,135,102,1,639
0.00084729196,0.8836944127708096,0.7861385812236287,0.8635135135135135,0.9984375,0.5738396624472574,0.9260869565217391,136,101,1,639
0.0010014419,0.8848346636259977,0.7882482858649789,0.86468200270636,0.9984375,0.5780590717299579,0.9267585206671501,137,100,1,639
0.001025806,0.8859749144811858,0.7903579905063292,0.8658536585365854,0.9984375,0.5822784810126582,0.9274310595065312,138,99,1,639
0.0010373543,0.887115165336374,0.7924676951476793,0.8670284938941656,0.9984375,0.5864978902953587,0.9281045751633987,139,98,1,639
0.0010691141,0.8882554161915621,0.7945773997890295,0.8682065217391305,0.9984375,0.5907172995780591,0.9287790697674418,140,97,1,639
0.0011282902,0.8893956670467503,0.7966871044303797,0.8693877551020408,0.9984375,0.5949367088607594,0.9294545454545454,141,96,1,639
0.0011759828,0.8905359179019384,0.7987968090717299,0.8705722070844687,0.9984375,0.5991561181434599,0.9301310043668122,142,95,1,639
0.0012701094,0.8916761687571265,0.8009065137130802,0.8717598908594816,0.9984375,0.6033755274261603,0.9308084486525856,143,94,1,639
0.0012984637,0.8928164196123147,0.8030162183544304,0.8729508196721312,0.9984375,0.6075949367088608,0.9314868804664723,144,93,1,639
0.0013256384,0.8939566704675028,0.8051259229957806,0.8741450068399452,0.9984375,0.6118143459915611,0.9321663019693655,145,92,1,639
0.0014021571,0.895096921322691,0.8072356276371309,0.8753424657534247,0.9984375,0.6160337552742616,0.9328467153284672,146,91,1,639
0.0014224505,0.8962371721778791,0.8093453322784809,0.8765432098765432,0.9984375,0.620253164556962,0.9335281227173119,147,90,1,639
0.001443364,0.8973774230330672,0.8114550369198312,0.8777472527472527,0.9984375,0.6244725738396625,0.9342105263157895,148,89,1,639
0.0014959672,0.8985176738882554,0.8135647415611814,0.8789546079779917,0.9984375,0.6286919831223629,0.9348939283101683,149,88,1,639
0.0015534904,0.8996579247434435,0.8156744462025316,0.8801652892561983,0.9984375,0.6329113924050633,0.9355783308931186,150,87,1,639
0.001649333,0.9007981755986317,0.8177841508438819,0.8813793103448276,0.9984375,0.6371308016877637,0.9362637362637363,151,86,1,639
0.0016648402,0.9019384264538198,0.8198938554852321,0.8825966850828729,0.9984375,0.6413502109704642,0.9369501466275659,152,85,1,639
0.001749319,0.9030786773090079,0.8220035601265823,0.8838174273858921,0.9984375,0.6455696202531646,0.9376375641966251,153,84,1,639
0.0017964314,0.9042189281641961,0.8241132647679325,0.8850415512465374,0.9984375,0.6497890295358649,0.9383259911894273,154,83,1,639
0.0023652327,0.9053591790193842,0.8262229694092826,0.8862690707350902,0.9984375,0.6540084388185654,0.9390154298310066,155,82,1,639
0.0024047042,0.9064994298745724,0.8283326740506329,0.8875,0.9984375,0.6582278481012658,0.9397058823529412,156,81,1,639
0.002462958,0.9076396807297605,0.8304423786919831,0.8887343532684284,0.9984375,0.6624472573839663,0.9403973509933775,157,80,1,639
0.0026877362,0.9087799315849487,0.8325520833333333,0.8899721448467967,0.9984375,0.6666666666666666,0.9410898379970545,158,79,1,639
0.002746697,0.9099201824401368,0.8346617879746836,0.891213389121339,0.9984375,0.6708860759493671,0.941783345615328,159,78,1,639
0.0032331483,0.9110604332953249,0.8367714926160337,0.8924581005586593,0.9984375,0.6751054852320675,0.9424778761061947,160,77,1,639
0.0035057263,0.9122006841505131,0.838881197257384,0.8937062937062937,0.9984375,0.679324894514768,0.9431734317343173,161,76,1,639
0.0035961303,0.9133409350057012,0.8409909018987342,0.8949579831932774,0.9984375,0.6835443037974683,0.9438700147710487,162,75,1,639
0.0036488983,0.9144811858608894,0.8431006065400843,0.8962131837307152,0.9984375,0.6877637130801688,0.9445676274944568,163,74,1,639
0.0037130008,0.9156214367160775,0.8452103111814346,0.8974719101123596,0.9984375,0.6919831223628692,0.9452662721893491,164,73,1,639
0.004043787,0.9167616875712656,0.8473200158227848,0.8987341772151899,0.9984375,0.6962025316455697,0.9459659511472983,165,72,1,639
0.0045901975,0.9179019384264538,0.849429720464135,0.9,0.9984375,0.70042194092827,0.9466666666666667,166,71,1,639
0.004638021,0.9190421892816419,0.8515394251054853,0.9012693935119888,0.9984375,0.7046413502109705,0.9473684210526315,167,70,1,639
0.0051303864,0.9201824401368301,0.8536491297468354,0.902542372881356,0.9984375,0.7088607594936709,0.9480712166172107,168,69,1,639
0.0052400962,0.9213226909920182,0.8557588343881857,0.9038189533239038,0.9984375,0.7130801687763713,0.9487750556792873,169,68,1,639
0.0055942843,0.9224629418472063,0.8578685390295359,0.9050991501416431,0.9984375,0.7172995780590717,0.9494799405646359,170,67,1,639
0.005880865,0.9236031927023945,0.859978243670886,0.9063829787234042,0.9984375,0.7215189873417721,0.950185873605948,171,66,1,639
0.006366035,0.9247434435575826,0.8620879483122363,0.9076704545454546,0.9984375,0.7257383966244726,0.9508928571428571,172,65,1,639
0.006891093,0.9258836944127709,0.8641976529535864,0.9089615931721194,0.9984375,0.729957805907173,0.9516008935219658,173,64,1,639
0.0074042086,0.927023945267959,0.8663073575949367,0.9102564102564102,0.9984375,0.7341772151898734,0.9523099850968704,174,63,1,639
0.007889087,0.928164196123147,0.8684170622362869,0.9115549215406562,0.9984375,0.7383966244725738,0.9530201342281879,175,62,1,639
0.007966764,0.9293044469783353,0.8705267668776371,0.9128571428571428,0.9984375,0.7426160337552743,0.9537313432835821,176,61,1,639
0.0083344225,0.9304446978335233,0.8726364715189874,0.9141630901287554,0.9984375,0.7468354430379747,0.9544436146377894,177,60,1,639
0.008723919,0.9315849486887116,0.8747461761603376,0.9154727793696275,0.9984375,0.7510548523206751,0.9551569506726457,178,59,1,639
0.009163261,0.9327251995438997,0.8768558808016877,0.9167862266857962,0.9984375,0.7552742616033755,0.955871353777113,179,58,1,639
0.009299828,0.9338654503990877,0.878965585443038,0.9181034482758621,0.9984375,0.759493670886076,0.9565868263473054,180,57,1,639
0.010932341,0.935005701254276,0.8810752900843881,0.9194244604316547,0.9984375,0.7637130801687764,0.9573033707865168,181,56,1,639
0.012073129,0.936145952109464,0.8831849947257384,0.920749279538905,0.9984375,0.7679324894514767,0.9580209895052474,182,55,1,639
0.012284003,0.9372862029646523,0.8852946993670886,0.922077922077922,0.9984375,0.7721518987341772,0.9587396849212303,183,54,1,639
0.012778116,0.9384264538198404,0.8874044040084388,0.9234104046242775,0.9984375,0.7763713080168776,0.9594594594594594,184,53,1,639
0.013046129,0.9395667046750285,0.8895141086497891,0.9247467438494935,0.9984375,0.7805907172995781,0.9601803155522164,185,52,1,639
0.013224227,0.9407069555302167,0.8916238132911392,0.9260869565217391,0.9984375,0.7848101265822784,0.9609022556390977,186,51,1,639
0.01380449,0.9418472063854048,0.8937335179324895,0.9274310595065312,0.9984375,0.7890295358649789,0.9616252821670429,187,50,1,639
0.013965845,0.9407069555302167,0.8929522679324895,0.9273255813953488,0.996875,0.7890295358649789,0.9608433734939759,187,50,2,638
0.014597304,0.9418472063854048,0.8950619725738396,0.9286754002911208,0.996875,0.7932489451476793,0.9615674453654861,188,49,2,638
0.015708426,0.942987457240593,0.8971716772151899,0.9300291545189504,0.996875,0.7974683544303798,0.9622926093514329,189,48,2,638
0.017004667,0.9418472063854048,0.8963904272151899,0.92992700729927,0.9953125,0.7974683544303798,0.9615094339622642,189,48,3,637
0.017163012,0.9407069555302167,0.89560917721519,0.9298245614035088,0.99375,0.7974683544303798,0.9607250755287009,189,48,4,636
0.017241938,0.9418472063854048,0.89771888185654,0.931185944363104,0.99375,0.8016877637130801,0.9614512471655329,190,47,4,636
0.018232308,0.942987457240593,0.8998285864978903,0.9325513196480938,0.99375,0.8059071729957806,0.962178517397882,191,46,4,636
0.019961495,0.9441277080957811,0.9019382911392405,0.933920704845815,0.99375,0.810126582278481,0.9629068887206662,192,45,4,636
0.020600434,0.9452679589509693,0.9040479957805907,0.9352941176470588,0.99375,0.8143459915611815,0.9636363636363636,193,44,4,636
0.020967197,0.9464082098061574,0.906157700421941,0.9366715758468336,0.99375,0.8185654008438819,0.9643669446550417,194,43,4,636
0.022180622,0.9475484606613455,0.9082674050632912,0.9380530973451328,0.99375,0.8227848101265823,0.9650986342943855,195,42,4,636
0.026531521,0.9486887115165337,0.9103771097046414,0.9394387001477105,0.99375,0.8270042194092827,0.9658314350797267,196,41,4,636
0.0277362,0.9498289623717218,0.9124868143459915,0.9408284023668639,0.99375,0.8312236286919831,0.9665653495440729,197,40,4,636
0.030248173,0.95096921322691,0.9145965189873417,0.9422222222222222,0.99375,0.8354430379746836,0.9673003802281369,198,39,4,636
0.031186175,0.9521094640820981,0.916706223628692,0.9436201780415431,0.99375,0.8396624472573839,0.9680365296803652,199,38,4,636
0.03612655,0.9532497149372862,0.9188159282700422,0.9450222882615156,0.99375,0.8438818565400844,0.9687738004569688,200,37,4,636
0.03737829,0.9521094640820981,0.9180346782700421,0.9449404761904762,0.9921875,0.8438818565400844,0.9679878048780488,200,37,5,635
0.03886562,0.9532497149372862,0.9201443829113924,0.9463487332339792,0.9921875,0.8481012658227848,0.9687261632341724,201,36,5,635
0.039126497,0.9543899657924744,0.9222540875527426,0.9477611940298507,0.9921875,0.8523206751054853,0.9694656488549618,202,35,5,635
0.04619107,0.9555302166476625,0.9243637921940928,0.9491778774289985,0.9921875,0.8565400843881856,0.9702062643239114,203,34,5,635
0.047179166,0.9566704675028507,0.9264734968354431,0.9505988023952096,0.9921875,0.8607594936708861,0.9709480122324159,204,33,5,635
0.05863553,0.9578107183580388,0.9285832014767932,0.952023988005997,0.9921875,0.8649789029535865,0.9716908951798011,205,32,5,635
0.059938774,0.9589509692132269,0.9306929061181435,0.9534534534534534,0.9921875,0.869198312236287,0.9724349157733537,206,31,5,635
0.06156366,0.9600912200684151,0.9328026107594937,0.9548872180451128,0.9921875,0.8734177215189873,0.9731800766283525,207,30,5,635
0.061919577,0.9612314709236032,0.9349123154008439,0.9563253012048193,0.9921875,0.8776371308016878,0.9739263803680982,208,29,5,635
0.06847304,0.9600912200684151,0.9341310654008439,0.9562594268476622,0.990625,0.8776371308016878,0.9731389102072141,208,29,6,634
0.09932934,0.9612314709236032,0.9362407700421941,0.9577039274924471,0.990625,0.8818565400843882,0.9738863287250384,209,28,6,634
0.1065051,0.9623717217787914,0.9383504746835443,0.9591527987897126,0.990625,0.8860759493670886,0.9746348962336664,210,27,6,634
0.13337775,0.9635119726339795,0.9404601793248946,0.9606060606060606,0.990625,0.890295358649789,0.9753846153846154,211,26,6,634
0.13441563,0.9623717217787914,0.9396789293248945,0.960546282245827,0.9890625,0.890295358649789,0.9745958429561201,211,26,7,633
0.13963196,0.9635119726339795,0.9417886339662447,0.9620060790273556,0.9890625,0.8945147679324894,0.975346687211094,212,25,7,633
0.14941339,0.9646522234891676,0.943898338607595,0.9634703196347032,0.9890625,0.8987341772151899,0.9760986892829607,213,24,7,633
0.16616161,0.9657924743443558,0.946008043248945,0.9649390243902439,0.9890625,0.9029535864978903,0.9768518518518519,214,23,7,633
0.16794175,0.9646522234891676,0.9452267932489451,0.9648854961832061,0.9875,0.9029535864978903,0.976061776061776,214,23,8,632
0.17118047,0.9635119726339795,0.9444455432489451,0.9648318042813455,0.9859375,0.9029535864978903,0.9752704791344667,214,23,9,631
0.17895019,0.9646522234891676,0.9465552478902954,0.9663093415007658,0.9859375,0.9071729957805907,0.9760247486465584,215,22,9,631
0.1866407,0.9635119726339795,0.9457739978902954,0.9662576687116564,0.984375,0.9071729957805907,0.9752321981424149,215,22,10,630
0.18766949,0.9623717217787914,0.9449927478902953,0.9662058371735791,0.9828125,0.9071729957805907,0.9744384198295895,215,22,11,629
0.20492733,0.9635119726339795,0.9471024525316456,0.9676923076923077,0.9828125,0.9113924050632911,0.9751937984496124,216,21,11,629
0.21480496,0.9646522234891676,0.9492121571729958,0.9691833590138675,0.9828125,0.9156118143459916,0.9759503491078355,217,20,11,629
0.21560732,0.9657924743443558,0.951321861814346,0.970679012345679,0.9828125,0.919831223628692,0.9767080745341615,218,19,11,629
0.2186845,0.9669327251995439,0.9534315664556963,0.9721792890262752,0.9828125,0.9240506329113924,0.9774669774669774,219,18,11,629
0.2214726,0.9680729760547321,0.9555412710970463,0.9736842105263158,0.9828125,0.9282700421940928,0.9782270606531882,220,17,11,629
0.25295633,0.9669327251995439,0.9547600210970464,0.9736434108527132,0.98125,0.9282700421940928,0.977431906614786,220,17,12,628
0.26795372,0.9657924743443558,0.9539787710970464,0.9736024844720497,0.9796875,0.9282700421940928,0.9766355140186916,220,17,13,627
0.26841712,0.9646522234891676,0.9531975210970465,0.973561430793157,0.978125,0.9282700421940928,0.9758378799688231,220,17,14,626
0.27325007,0.9657924743443558,0.9553072257383967,0.9750778816199377,0.978125,0.9324894514767933,0.9765990639625585,221,16,14,626
0.27770412,0.9646522234891676,0.9545259757383966,0.9750390015600624,0.9765625,0.9324894514767933,0.975800156128025,221,16,15,625
0.35513133,0.9657924743443558,0.9566356803797469,0.9765625,0.9765625,0.9367088607594937,0.9765625,222,15,15,625
0.36595798,0.9646522234891676,0.9558544303797468,0.9765258215962441,0.975,0.9367088607594937,0.9757623143080532,222,15,16,624
0.40639716,0.9657924743443558,0.957964135021097,0.9780564263322884,0.975,0.9409282700421941,0.9765258215962441,223,14,16,624
0.41270903,0.9646522234891676,0.957182885021097,0.978021978021978,0.9734375,0.9409282700421941,0.975724353954581,223,14,17,623
0.43324843,0.9657924743443558,0.9592925896624472,0.9795597484276729,0.9734375,0.9451476793248945,0.9764890282131662,224,13,17,623
0.45139343,0.9669327251995439,0.9614022943037974,0.9811023622047244,0.9734375,0.9493670886075949,0.9772549019607844,225,12,17,623
0.470363,0.9680729760547321,0.9635119989451477,0.9826498422712934,0.9734375,0.9535864978902954,0.978021978021978,226,11,17,623
0.48694447,0.9669327251995439,0.9627307489451478,0.9826224328593997,0.971875,0.9535864978902954,0.9772191673212883,226,11,18,622
0.49775693,0.9657924743443558,0.9619494989451477,0.9825949367088608,0.9703125,0.9535864978902954,0.9764150943396226,226,11,19,621
0.5,0.9669327251995439,0.9640592035864979,0.9841521394611727,0.9703125,0.9578059071729957,0.977183320220299,227,10,19,621
0.5234584,0.9669327251995439,0.9640592035864979,0.9841521394611727,0.9703125,0.9578059071729957,0.977183320220299,227,10,19,621
0.56100696,0.9680729760547321,0.9661689082278482,0.9857142857142858,0.9703125,0.9620253164556962,0.9779527559055118,228,9,19,621
0.56642556,0.9669327251995439,0.9653876582278481,0.985691573926868,0.96875,0.9620253164556962,0.9771473601260835,228,9,20,620
0.5910596,0.9657924743443558,0.964606408227848,0.9856687898089171,0.9671875,0.9620253164556962,0.9763406940063092,228,9,21,619
0.60452855,0.9669327251995439,0.9667161128691983,0.9872408293460925,0.9671875,0.9662447257383966,0.9771112865035517,229,8,21,619
0.6466195,0.9680729760547321,0.9688258175105485,0.9888178913738019,0.9671875,0.9704641350210971,0.9778830963665087,230,7,21,619
0.70286095,0.9692132269099202,0.9709355221518987,0.9904,0.9671875,0.9746835443037974,0.9786561264822135,231,6,21,619
0.71255946,0.9703534777651083,0.973045226793249,0.9919871794871795,0.9671875,0.9789029535864979,0.9794303797468354,232,5,21,619
0.7553475,0.9692132269099202,0.9722639767932489,0.9919743178170144,0.965625,0.9789029535864979,0.9786223277909739,232,5,22,618
0.7730742,0.9680729760547321,0.971482726793249,0.9919614147909968,0.9640625,0.9789029535864979,0.9778129952456418,232,5,23,617
0.81564945,0.9669327251995439,0.9707014767932489,0.9919484702093397,0.9625,0.9789029535864979,0.9770023790642347,232,5,24,616
0.83323056,0.9657924743443558,0.969920226793249,0.9919354838709677,0.9609375,0.9789029535864979,0.9761904761904762,232,5,25,615
0.8363227,0.9646522234891676,0.969138976793249,0.9919224555735057,0.959375,0.9789029535864979,0.9753772835583797,232,5,26,614
0.8486683,0.9635119726339795,0.9683577267932489,0.9919093851132686,0.9578125,0.9789029535864979,0.9745627980922098,232,5,27,613
0.8795629,0.9623717217787914,0.967576476793249,0.9918962722852512,0.95625,0.9789029535864979,0.9737470167064439,232,5,28,612
0.8900862,0.9612314709236032,0.9667952267932489,0.9918831168831169,0.9546875,0.9789029535864979,0.9729299363057324,232,5,29,611
0.9059434,0.9623717217787914,0.9689049314345992,0.9934959349593496,0.9546875,0.9831223628691983,0.9737051792828685,233,4,29,611
0.9114413,0.9612314709236032,0.9681236814345991,0.993485342019544,0.953125,0.9831223628691983,0.9728867623604466,233,4,30,610
0.91864896,0.9600912200684151,0.9673424314345991,0.9934747145187602,0.9515625,0.9831223628691983,0.9720670391061452,233,4,31,609
0.922993,0.9589509692132269,0.9665611814345991,0.9934640522875817,0.95,0.9831223628691983,0.9712460063897763,233,4,32,608
0.9335996,0.9578107183580388,0.9657799314345992,0.9934533551554828,0.9484375,0.9831223628691983,0.9704236610711431,233,4,33,607
0.9349391,0.9566704675028507,0.9649986814345992,0.9934426229508196,0.946875,0.9831223628691983,0.9696,233,4,34,606
0.93549216,0.9555302166476625,0.9642174314345991,0.993431855500821,0.9453125,0.9831223628691983,0.9687750200160128,233,4,35,605
0.9389093,0.9543899657924744,0.9634361814345991,0.993421052631579,0.94375,0.9831223628691983,0.967948717948718,233,4,36,604
0.9453806,0.9555302166476625,0.9655458860759494,0.9950576606260296,0.94375,0.9873417721518988,0.9687249398556536,234,3,36,604
0.94734335,0.9543899657924744,0.9647646360759494,0.995049504950495,0.9421875,0.9873417721518988,0.9678972712680578,234,3,37,603
0.96286345,0.9532497149372862,0.9639833860759495,0.9950413223140496,0.940625,0.9873417721518988,0.9670682730923694,234,3,38,602
0.96793145,0.9521094640820981,0.9632021360759494,0.9950331125827815,0.9390625,0.9873417721518988,0.9662379421221865,234,3,39,601
0.9682692,0.95096921322691,0.9624208860759493,0.9950248756218906,0.9375,0.9873417721518988,0.9654062751407884,234,3,40,600
0.9701315,0.9498289623717218,0.9616396360759494,0.9950166112956811,0.9359375,0.9873417721518988,0.964573268921095,234,3,41,599
0.97362185,0.9486887115165337,0.9608583860759494,0.9950083194675541,0.934375,0.9873417721518988,0.9637389202256245,234,3,42,598
0.9741303,0.9498289623717218,0.9629680907172995,0.9966666666666667,0.934375,0.9915611814345991,0.964516129032258,235,2,42,598
0.97462296,0.9486887115165337,0.9621868407172995,0.996661101836394,0.9328125,0.9915611814345991,0.9636803874092009,235,2,43,597
0.9770835,0.9475484606613455,0.9614055907172996,0.9966555183946488,0.93125,0.9915611814345991,0.962843295638126,235,2,44,596
0.9779984,0.9464082098061574,0.9606243407172996,0.9966499162479062,0.9296875,0.9915611814345991,0.9620048504446241,235,2,45,595
0.97824144,0.9452679589509693,0.9598430907172996,0.9966442953020134,0.928125,0.9915611814345991,0.9611650485436893,235,2,46,594
0.9797876,0.9441277080957811,0.9590618407172995,0.9966386554621849,0.9265625,0.9915611814345991,0.9603238866396762,235,2,47,593
0.9803153,0.942987457240593,0.9582805907172995,0.9966329966329966,0.925,0.9915611814345991,0.9594813614262561,235,2,48,592
0.9818865,0.9441277080957811,0.9603902953586498,0.9983136593591906,0.925,0.9957805907172996,0.9602595296025953,236,1,48,592
0.98409146,0.942987457240593,0.9596090453586499,0.9983108108108109,0.9234375,0.9957805907172996,0.9594155844155844,236,1,49,591
0.9872602,0.9418472063854048,0.9588277953586498,0.9983079526226735,0.921875,0.9957805907172996,0.958570268074736,236,1,50,590
0.98731357,0.9407069555302167,0.9580465453586497,0.9983050847457627,0.9203125,0.9957805907172996,0.9577235772357724,236,1,51,589
0.9885239,0.9395667046750285,0.9572652953586498,0.99830220713073,0.91875,0.9957805907172996,0.9568755085435313,236,1,52,588
0.98980707,0.9384264538198404,0.9564840453586498,0.9982993197278912,0.9171875,0.9957805907172996,0.9560260586319218,236,1,53,587
0.9899715,0.9372862029646523,0.9557027953586499,0.9982964224872232,0.915625,0.9957805907172996,0.9551752241238793,236,1,54,586
0.99120164,0.936145952109464,0.9549215453586498,0.9982935153583617,0.9140625,0.9957805907172996,0.9543230016313213,236,1,55,585
0.99162465,0.935005701254276,0.9541402953586497,0.9982905982905983,0.9125,0.9957805907172996,0.953469387755102,236,1,56,584
0.9919835,0.9338654503990877,0.9533590453586498,0.9982876712328768,0.9109375,0.9957805907172996,0.9526143790849673,236,1,57,583
0.99251115,0.9327251995438997,0.9525777953586498,0.9982847341337907,0.909375,0.9957805907172996,0.9517579721995094,236,1,58,582
0.9932064,0.9315849486887116,0.9517965453586499,0.9982817869415808,0.9078125,0.9957805907172996,0.9509001636661211,236,1,59,581
0.9934524,0.9304446978335233,0.9510152953586498,0.9982788296041308,0.90625,0.9957805907172996,0.95004095004095,236,1,60,580
0.99390185,0.9293044469783353,0.9502340453586497,0.9982758620689656,0.9046875,0.9957805907172996,0.9491803278688524,236,1,61,579
0.99413234,0.928164196123147,0.9494527953586498,0.998272884283247,0.903125,0.9957805907172996,0.948318293683347,236,1,62,578
0.9942971,0.927023945267959,0.9486715453586498,0.9982698961937716,0.9015625,0.9957805907172996,0.9474548440065681,236,1,63,577
0.994651,0.9258836944127709,0.9478902953586499,0.9982668977469671,0.9,0.9957805907172996,0.9465899753492194,236,1,64,576
0.99527127,0.9247434435575826,0.9471090453586498,0.9982638888888888,0.8984375,0.9957805907172996,0.9457236842105263,236,1,65,575
0.9953827,0.9236031927023945,0.9463277953586497,0.9982608695652174,0.896875,0.9957805907172996,0.9448559670781893,236,1,66,574
0.99542904,0.9224629418472063,0.9455465453586498,0.9982578397212544,0.8953125,0.9957805907172996,0.943986820428336,236,1,67,573
0.99549013,0.9213226909920182,0.9447652953586498,0.9982547993019197,0.89375,0.9957805907172996,0.9431162407254741,236,1,68,572
0.9955214,0.9201824401368301,0.9439840453586499,0.9982517482517482,0.8921875,0.9957805907172996,0.9422442244224423,236,1,69,571
0.9956632,0.9190421892816419,0.9432027953586498,0.9982486865148862,0.890625,0.9957805907172996,0.9413707679603633,236,1,70,570
0.9958676,0.9179019384264538,0.9424215453586497,0.9982456140350877,0.8890625,0.9957805907172996,0.9404958677685951,236,1,71,569
0.99646914,0.9167616875712656,0.9416402953586498,0.9982425307557118,0.8875,0.9957805907172996,0.9396195202646815,236,1,72,568
0.99648213,0.9156214367160775,0.9408590453586498,0.9982394366197183,0.8859375,0.9957805907172996,0.9387417218543046,236,1,73,567
0.99651116,0.9144811858608894,0.9400777953586499,0.9982363315696648,0.884375,0.9957805907172996,0.9378624689312345,236,1,74,566
0.99660975,0.9133409350057012,0.9392965453586498,0.9982332155477032,0.8828125,0.9957805907172996,0.9369817578772802,236,1,75,565
0.9968549,0.9122006841505131,0.9385152953586497,0.9982300884955753,0.88125,0.9957805907172996,0.9360995850622407,236,1,76,564
0.9972796,0.9110604332953249,0.9377340453586498,0.99822695035461,0.8796875,0.9957805907172996,0.9352159468438538,236,1,77,563
0.9977234,0.9099201824401368,0.9369527953586498,0.9982238010657194,0.878125,0.9957805907172996,0.9343308395677473,236,1,78,562
0.9977628,0.9087799315849487,0.9361715453586499,0.998220640569395,0.8765625,0.9957805907172996,0.9334442595673876,236,1,79,561
0.9977985,0.9076396807297605,0.9353902953586498,0.9982174688057041,0.875,0.9957805907172996,0.93255620316403,236,1,80,560
0.997872,0.9064994298745724,0.9346090453586497,0.9982142857142857,0.8734375,0.9957805907172996,0.9316666666666666,236,1,81,559
0.99797195,0.9053591790193842,0.9338277953586498,0.998211091234347,0.871875,0.9957805907172996,0.9307756463719766,236,1,82,558
0.99798155,0.9042189281641961,0.9330465453586498,0.9982078853046595,0.8703125,0.9957805907172996,0.9298831385642737,236,1,83,557
0.9980977,0.9030786773090079,0.9322652953586499,0.9982046678635548,0.86875,0.9957805907172996,0.9289891395154553,236,1,84,556
0.99813604,0.9019384264538198,0.9314840453586498,0.9982014388489209,0.8671875,0.9957805907172996,0.9280936454849499,236,1,85,555
0.99820375,0.9007981755986317,0.9307027953586497,0.9981981981981982,0.865625,0.9957805907172996,0.9271966527196652,236,1,86,554
0.9982603,0.8996579247434435,0.9299215453586498,0.9981949458483754,0.8640625,0.9957805907172996,0.9262981574539364,236,1,87,553
0.99826944,0.8985176738882554,0.9291402953586498,0.9981916817359855,0.8625,0.9957805907172996,0.9253981559094719,236,1,88,552
0.99829334,0.8973774230330672,0.9283590453586499,0.9981884057971014,0.8609375,0.9957805907172996,0.924496644295302,236,1,89,551
0.9984669,0.8962371721778791,0.9275777953586498,0.9981851179673321,0.859375,0.9957805907172996,0.9235936188077246,236,1,90,550
0.9985361,0.895096921322691,0.9267965453586497,0.9981818181818182,0.8578125,0.9957805907172996,0.9226890756302522,236,1,91,549
0.998604,0.8939566704675028,0.9260152953586498,0.9981785063752276,0.85625,0.9957805907172996,0.9217830109335576,236,1,92,548
0.9987796,0.8928164196123147,0.9252340453586498,0.9981751824817519,0.8546875,0.9957805907172996,0.9208754208754208,236,1,93,547
0.9987809,0.8916761687571265,0.9244527953586499,0.9981718464351006,0.853125,0.9957805907172996,0.9199663016006739,236,1,94,546
0.9987897,0.8905359179019384,0.9236715453586498,0.9981684981684982,0.8515625,0.9957805907172996,0.9190556492411467,236,1,95,545
0.9988059,0.8893956670467503,0.9228902953586497,0.998165137614679,0.85,0.9957805907172996,0.9181434599156119,236,1,96,544
0.99895585,0.8882554161915621,0.9221090453586498,0.9981617647058824,0.8484375,0.9957805907172996,0.9172297297297297,236,1,97,543
0.99895775,0.887115165336374,0.9213277953586498,0.998158379373849,0.846875,0.9957805907172996,0.9163144547759933,236,1,98,542
0.99898845,0.8859749144811858,0.9205465453586499,0.9981549815498155,0.8453125,0.9957805907172996,0.9153976311336718,236,1,99,541
0.99900275,0.8848346636259977,0.9197652953586498,0.9981515711645101,0.84375,0.9957805907172996,0.9144792548687553,236,1,100,540
0.9990742,0.8836944127708096,0.9189840453586497,0.9981481481481481,0.8421875,0.9957805907172996,0.9135593220338983,236,1,101,539
0.99918145,0.8825541619156214,0.9182027953586498,0.9981447124304267,0.840625,0.9957805907172996,0.9126378286683631,236,1,102,538
0.9992212,0.8814139110604333,0.9174215453586498,0.9981412639405205,0.8390625,0.9957805907172996,0.9117147707979627,236,1,103,537
0.9992236,0.8802736602052451,0.9166402953586499,0.9981378026070763,0.8375,0.9957805907172996,0.9107901444350043,236,1,104,536
0.9992939,0.879133409350057,0.9158590453586498,0.9981343283582089,0.8359375,0.9957805907172996,0.9098639455782312,236,1,105,535
0.99932635,0.8779931584948689,0.9150777953586497,0.9981308411214953,0.834375,0.9957805907172996,0.908936170212766,236,1,106,534
0.99938977,0.8768529076396807,0.9142965453586498,0.99812734082397,0.8328125,0.9957805907172996,0.9080068143100511,236,1,107,533
0.9995316,0.8757126567844926,0.9135152953586498,0.99812382739212,0.83125,0.9957805907172996,0.907075873827792,236,1,108,532
0.999566,0.8745724059293044,0.9127340453586499,0.9981203007518797,0.8296875,0.9957805907172996,0.9061433447098977,236,1,109,531
0.99956936,0.8734321550741163,0.9119527953586498,0.9981167608286252,0.828125,0.9957805907172996,0.9052092228864219,236,1,110,530
0.9995709,0.8722919042189282,0.9111715453586497,0.9981132075471698,0.8265625,0.9957805907172996,0.9042735042735043,236,1,111,529
0.99966383,0.87115165336374,0.9103902953586498,0.998109640831758,0.825,0.9957805907172996,0.9033361847733106,236,1,112,528
0.9996686,0.8700114025085519,0.9096090453586498,0.9981060606060606,0.8234375,0.9957805907172996,0.9023972602739726,236,1,113,527
0.99967337,0.8688711516533637,0.9088277953586499,0.9981024667931688,0.821875,0.9957805907172996,0.9014567266495287,236,1,114,526
0.99967647,0.8677309007981756,0.9080465453586498,0.9980988593155894,0.8203125,0.9957805907172996,0.9005145797598628,236,1,115,525
0.99968946,0.8665906499429875,0.9072652953586497,0.9980952380952381,0.81875,0.9957805907172996,0.8995708154506438,236,1,116,524
0.99969304,0.8654503990877993,0.9064840453586498,0.9980916030534351,0.8171875,0.9957805907172996,0.8986254295532646,236,1,117,523
0.99969625,0.8643101482326112,0.9057027953586498,0.9980879541108987,0.815625,0.9957805907172996,0.8976784178847808,236,1,118,522
0.99969745,0.863169897377423,0.9049215453586499,0.9980842911877394,0.8140625,0.9957805907172996,0.8967297762478486,236,1,119,521
0.9996983,0.8620296465222349,0.9041402953586498,0.9980806142034548,0.8125,0.9957805907172996,0.8957795004306632,236,1,120,520
0.99971694,0.8608893956670467,0.9033590453586497,0.9980769230769231,0.8109375,0.9957805907172996,0.8948275862068965,236,1,121,519
0.9997309,0.8597491448118586,0.9025777953586498,0.9980732177263969,0.809375,0.9957805907172996,0.8938740293356342,236,1,122,518
0.9997428,0.8586088939566705,0.9017965453586498,0.9980694980694981,0.8078125,0.9957805907172996,0.8929188255613126,236,1,123,517
0.99978226,0.8574686431014823,0.9010152953586499,0.9980657640232108,0.80625,0.9957805907172996,0.891961970613656,236,1,124,516
0.99978775,0.8563283922462942,0.9002340453586498,0.998062015503876,0.8046875,0.9957805907172996,0.8910034602076125,236,1,125,515
0.99979573,0.855188141391106,0.8994527953586497,0.9980582524271845,0.803125,0.9957805907172996,0.8900432900432901,236,1,126,514
0.99980205,0.8540478905359179,0.8986715453586498,0.9980544747081712,0.8015625,0.9957805907172996,0.8890814558058926,236,1,127,513
0.9998035,0.8529076396807298,0.8978902953586498,0.9980506822612085,0.8,0.9957805907172996,0.8881179531656548,236,1,128,512
0.99981695,0.8517673888255416,0.8971090453586499,0.998046875,0.7984375,0.9957805907172996,0.8871527777777778,236,1,129,511
0.99981886,0.8506271379703535,0.8963277953586498,0.9980430528375733,0.796875,0.9957805907172996,0.8861859252823632,236,1,130,510
0.9998211,0.8494868871151653,0.8955465453586497,0.9980392156862745,0.7953125,0.9957805907172996,0.8852173913043478,236,1,131,509
0.9998305,0.8483466362599772,0.8947652953586498,0.9980353634577603,0.79375,0.9957805907172996,0.8842471714534378,236,1,132,508
0.9998553,0.8472063854047891,0.8939840453586498,0.9980314960629921,0.7921875,0.9957805907172996,0.8832752613240418,236,1,133,507
0.9998621,0.8460661345496009,0.8932027953586499,0.9980276134122288,0.790625,0.9957805907172996,0.8823016564952049,236,1,134,506
0.99986243,0.8449258836944128,0.8924215453586498,0.9980237154150198,0.7890625,0.9957805907172996,0.881326352530541,236,1,135,505
0.9998691,0.8437856328392246,0.8916402953586497,0.998019801980198,0.7875,0.9957805907172996,0.880349344978166,236,1,136,504
0.99987364,0.8426453819840365,0.8908590453586498,0.998015873015873,0.7859375,0.9957805907172996,0.8793706293706294,236,1,137,503
0.9998752,0.8415051311288484,0.8900777953586498,0.9980119284294234,0.784375,0.9957805907172996,0.8783902012248469,236,1,138,502
0.9998852,0.8403648802736602,0.8892965453586499,0.99800796812749,0.7828125,0.9957805907172996,0.8774080560420315,236,1,139,501
0.99988556,0.8392246294184721,0.8885152953586498,0.998003992015968,0.78125,0.9957805907172996,0.8764241893076249,236,1,140,500
0.9998903,0.8380843785632839,0.8877340453586497,0.998,0.7796875,0.9957805907172996,0.875438596491228,236,1,141,499
0.9998914,0.8369441277080958,0.8869527953586498,0.9979959919839679,0.778125,0.9957805907172996,0.874451273046532,236,1,142,498
0.9998934,0.8358038768529077,0.8861715453586498,0.9979919678714859,0.7765625,0.9957805907172996,0.8734622144112478,236,1,143,497
0.9998939,0.8346636259977195,0.8853902953586499,0.9979879275653923,0.775,0.9957805907172996,0.872471416007036,236,1,144,496
0.9998952,0.8335233751425314,0.8846090453586498,0.9979838709677419,0.7734375,0.9957805907172996,0.8714788732394366,236,1,145,495
0.99990034,0.8323831242873432,0.8838277953586497,0.997979797979798,0.771875,0.9957805907172996,0.8704845814977974,236,1,146,494
0.9999007,0.8312428734321551,0.8830465453586498,0.9979757085020243,0.7703125,0.9957805907172996,0.8694885361552028,236,1,147,493
0.99991,0.830102622576967,0.8822652953586498,0.9979716024340771,0.76875,0.9957805907172996,0.8684907325684025,236,1,148,492
0.99991345,0.8289623717217788,0.8814840453586499,0.9979674796747967,0.7671875,0.9957805907172996,0.8674911660777385,236,1,149,491
0.9999176,0.8278221208665907,0.8807027953586498,0.9979633401221996,0.765625,0.9957805907172996,0.8664898320070734,236,1,150,490
0.99992347,0.8266818700114025,0.8799215453586497,0.9979591836734694,0.7640625,0.9957805907172996,0.8654867256637168,236,1,151,489
0.9999236,0.8255416191562144,0.8791402953586498,0.9979550102249489,0.7625,0.9957805907172996,0.8644818423383526,236,1,152,488
0.9999244,0.8244013683010262,0.8783590453586498,0.9979508196721312,0.7609375,0.9957805907172996,0.8634751773049646,236,1,153,487
0.99992466,0.8232611174458381,0.8775777953586499,0.997946611909651,0.759375,0.9957805907172996,0.8624667258207631,236,1,154,486
0.9999286,0.82212086659065,0.8767965453586498,0.9979423868312757,0.7578125,0.9957805907172996,0.8614564831261101,236,1,155,485
0.99993086,0.8209806157354618,0.8760152953586497,0.9979381443298969,0.75625,0.9957805907172996,0.8604444444444445,236,1,156,484
0.99993384,0.8198403648802737,0.8752340453586498,0.9979338842975206,0.7546875,0.9957805907172996,0.8594306049822064,236,1,157,483
0.99993706,0.8187001140250855,0.8744527953586498,0.9979296066252588,0.753125,0.9957805907172996,0.8584149599287623,236,1,158,482
0.9999374,0.8175598631698974,0.8736715453586499,0.9979253112033195,0.7515625,0.9957805907172996,0.857397504456328,236,1,159,481
0.9999378,0.8164196123147093,0.8728902953586498,0.997920997920998,0.75,0.9957805907172996,0.856378233719893,236,1,160,480
0.99993837,0.8152793614595211,0.8721090453586497,0.9979166666666667,0.7484375,0.9957805907172996,0.8553571428571428,236,1,161,479
0.99994135,0.814139110604333,0.8713277953586498,0.9979123173277662,0.746875,0.9957805907172996,0.8543342269883825,236,1,162,478
0.99994385,0.8129988597491448,0.8705465453586498,0.997907949790795,0.7453125,0.9957805907172996,0.853309481216458,236,1,163,477
0.99994516,0.8118586088939567,0.8697652953586499,0.9979035639412998,0.74375,0.9957805907172996,0.8522829006266786,236,1,164,476
0.99994814,0.8107183580387686,0.8689840453586498,0.9978991596638656,0.7421875,0.9957805907172996,0.8512544802867383,236,1,165,475
0.9999486,0.8118586088939567,0.87109375,1.0,0.7421875,1.0,0.852017937219731,237,0,165,475
0.99994886,0.8107183580387686,0.8703125,1.0,0.740625,1.0,0.8509874326750448,237,0,166,474
0.99995244,0.8095781071835804,0.86953125,1.0,0.7390625,1.0,0.8499550763701708,237,0,167,473
0.99995494,0.8084378563283923,0.86875,1.0,0.7375,1.0,0.8489208633093526,237,0,168,472
0.9999552,0.8072976054732041,0.86796875,1.0,0.7359375,1.0,0.8478847884788479,237,0,169,471
0.99995553,0.806157354618016,0.8671875,1.0,0.734375,1.0,0.8468468468468469,237,0,170,470
0.999956,0.8050171037628279,0.86640625,1.0,0.7328125,1.0,0.8458070333633905,237,0,171,469
0.99995995,0.8038768529076397,0.865625,1.0,0.73125,1.0,0.8447653429602888,237,0,172,468
0.999961,0.8027366020524516,0.86484375,1.0,0.7296875,1.0,0.8437217705510388,237,0,173,467
0.99996257,0.8015963511972634,0.8640625,1.0,0.728125,1.0,0.8426763110307414,237,0,174,466
0.9999634,0.8004561003420753,0.86328125,1.0,0.7265625,1.0,0.8416289592760181,237,0,175,465
0.9999639,0.7993158494868872,0.8625,1.0,0.725,1.0,0.8405797101449275,237,0,176,464
0.99996495,0.798175598631699,0.86171875,1.0,0.7234375,1.0,0.8395285584768812,237,0,177,463
0.9999653,0.7970353477765109,0.8609375,1.0,0.721875,1.0,0.838475499092559,237,0,178,462
0.9999659,0.7958950969213227,0.86015625,1.0,0.7203125,1.0,0.8374205267938238,237,0,179,461
0.99996686,0.7947548460661346,0.859375,1.0,0.71875,1.0,0.8363636363636363,237,0,180,460
0.99996746,0.7936145952109465,0.85859375,1.0,0.7171875,1.0,0.835304822565969,237,0,181,459
0.9999702,0.7924743443557583,0.8578125,1.0,0.715625,1.0,0.8342440801457195,237,0,182,458
0.99997103,0.7913340935005702,0.85703125,1.0,0.7140625,1.0,0.8331814038286235,237,0,183,457
0.9999715,0.790193842645382,0.85625,1.0,0.7125,1.0,0.8321167883211679,237,0,184,456
0.99997246,0.7890535917901939,0.85546875,1.0,0.7109375,1.0,0.8310502283105022,237,0,185,455
0.9999738,0.7879133409350056,0.8546875,1.0,0.709375,1.0,0.829981718464351,237,0,186,454
0.9999739,0.7867730900798175,0.85390625,1.0,0.7078125,1.0,0.8289112534309241,237,0,187,453
0.9999746,0.7856328392246295,0.853125,1.0,0.70625,1.0,0.8278388278388278,237,0,188,452
0.9999763,0.7844925883694412,0.85234375,1.0,0.7046875,1.0,0.8267644362969753,237,0,189,451
0.99997795,0.7833523375142531,0.8515625,1.0,0.703125,1.0,0.8256880733944955,237,0,190,450
0.9999783,0.7822120866590649,0.85078125,1.0,0.7015625,1.0,0.8246097337006428,237,0,191,449
0.99997926,0.7810718358038768,0.85,1.0,0.7,1.0,0.8235294117647058,237,0,192,448
0.99997973,0.7799315849486887,0.84921875,1.0,0.6984375,1.0,0.8224471021159153,237,0,193,447
0.99998,0.7787913340935005,0.8484375,1.0,0.696875,1.0,0.8213627992633518,237,0,194,446
0.9999813,0.7776510832383124,0.84765625,1.0,0.6953125,1.0,0.8202764976958525,237,0,195,445
0.99998176,0.7765108323831242,0.846875,1.0,0.69375,1.0,0.8191881918819188,237,0,196,444
0.99998283,0.7753705815279361,0.84609375,1.0,0.6921875,1.0,0.8180978762696214,237,0,197,443
0.99998295,0.774230330672748,0.8453125,1.0,0.690625,1.0,0.8170055452865065,237,0,198,442
0.9999838,0.7730900798175598,0.84453125,1.0,0.6890625,1.0,0.8159111933395005,237,0,199,441
0.9999839,0.7719498289623717,0.84375,1.0,0.6875,1.0,0.8148148148148148,237,0,200,440
0.9999844,0.7696693272519954,0.8421875,1.0,0.684375,1.0,0.8126159554730983,237,0,202,438
0.9999852,0.7685290763968073,0.84140625,1.0,0.6828125,1.0,0.8115134633240483,237,0,203,437
0.99998546,0.7673888255416191,0.840625,1.0,0.68125,1.0,0.8104089219330854,237,0,204,436
0.9999856,0.7639680729760547,0.83828125,1.0,0.6765625,1.0,0.8070829450139795,237,0,207,433
0.9999857,0.7628278221208666,0.8375,1.0,0.675,1.0,0.8059701492537313,237,0,208,432
0.99998593,0.7616875712656784,0.83671875,1.0,0.6734375,1.0,0.8048552754435108,237,0,209,431
0.9999863,0.7605473204104903,0.8359375,1.0,0.671875,1.0,0.8037383177570093,237,0,210,430
0.99998665,0.7594070695553021,0.83515625,1.0,0.6703125,1.0,0.8026192703461179,237,0,211,429
0.99998784,0.758266818700114,0.834375,1.0,0.66875,1.0,0.8014981273408239,237,0,212,428
0.9999883,0.7571265678449259,0.83359375,1.0,0.6671875,1.0,0.8003748828491096,237,0,213,427
0.9999887,0.7559863169897377,0.8328125,1.0,0.665625,1.0,0.799249530956848,237,0,214,426
0.9999889,0.7548460661345496,0.83203125,1.0,0.6640625,1.0,0.7981220657276995,237,0,215,425
0.99998915,0.7537058152793614,0.83125,1.0,0.6625,1.0,0.7969924812030075,237,0,216,424
0.9999893,0.7525655644241733,0.83046875,1.0,0.6609375,1.0,0.7958607714016933,237,0,217,423
0.9999895,0.7514253135689852,0.8296875,1.0,0.659375,1.0,0.7947269303201506,237,0,218,422
0.99999,0.7457240592930444,0.82578125,1.0,0.6515625,1.0,0.7890255439924314,237,0,223,417
0.99999034,0.7445838084378563,0.825,1.0,0.65,1.0,0.7878787878787878,237,0,224,416
0.9999906,0.7434435575826682,0.82421875,1.0,0.6484375,1.0,0.7867298578199052,237,0,225,415
0.9999907,0.74230330672748,0.8234375,1.0,0.646875,1.0,0.7855787476280834,237,0,226,414
0.9999912,0.7411630558722919,0.82265625,1.0,0.6453125,1.0,0.7844254510921178,237,0,227,413
0.99999154,0.7400228050171037,0.821875,1.0,0.64375,1.0,0.7832699619771863,237,0,228,412
0.9999919,0.7377423033067275,0.8203125,1.0,0.640625,1.0,0.780952380952381,237,0,230,410
0.99999225,0.7366020524515393,0.81953125,1.0,0.6390625,1.0,0.7797902764537655,237,0,231,409
0.9999924,0.7354618015963512,0.81875,1.0,0.6375,1.0,0.7786259541984732,237,0,232,408
0.9999925,0.734321550741163,0.81796875,1.0,0.6359375,1.0,0.7774594078319007,237,0,233,407
0.99999285,0.7320410490307868,0.81640625,1.0,0.6328125,1.0,0.7751196172248804,237,0,235,405
0.99999297,0.7297605473204105,0.81484375,1.0,0.6296875,1.0,0.7727708533077661,237,0,237,403
0.9999937,0.7286202964652223,0.8140625,1.0,0.628125,1.0,0.7715930902111324,237,0,238,402
0.9999938,0.7274800456100342,0.81328125,1.0,0.6265625,1.0,0.7704130643611912,237,0,239,401
0.99999416,0.7263397947548461,0.8125,1.0,0.625,1.0,0.7692307692307693,237,0,240,400
0.9999945,0.7251995438996579,0.81171875,1.0,0.6234375,1.0,0.7680461982675649,237,0,241,399
0.99999475,0.7240592930444698,0.8109375,1.0,0.621875,1.0,0.766859344894027,237,0,242,398
0.9999949,0.7229190421892816,0.81015625,1.0,0.6203125,1.0,0.7656702025072324,237,0,243,397
0.999995,0.7194982896237172,0.8078125,1.0,0.615625,1.0,0.7620889748549323,237,0,246,394
0.99999535,0.7183580387685291,0.80703125,1.0,0.6140625,1.0,0.7608906098741529,237,0,247,393
0.9999956,0.7172177879133409,0.80625,1.0,0.6125,1.0,0.7596899224806202,237,0,248,392
0.9999957,0.7149372862029647,0.8046875,1.0,0.609375,1.0,0.7572815533980582,237,0,250,390
0.9999958,0.7137970353477765,0.80390625,1.0,0.6078125,1.0,0.7560738581146744,237,0,251,389
0.99999595,0.7126567844925884,0.803125,1.0,0.60625,1.0,0.754863813229572,237,0,252,388
0.99999607,0.7115165336374002,0.80234375,1.0,0.6046875,1.0,0.75365141187926,237,0,253,387
0.9999963,0.7103762827822121,0.8015625,1.0,0.603125,1.0,0.7524366471734892,237,0,254,386
0.99999654,0.7092360319270239,0.80078125,1.0,0.6015625,1.0,0.751219512195122,237,0,255,385
0.99999666,0.7080957810718358,0.8,1.0,0.6,1.0,0.75,237,0,256,384
0.9999968,0.7058152793614595,0.7984375,1.0,0.596875,1.0,0.7475538160469667,237,0,258,382
0.9999969,0.7023945267958951,0.79609375,1.0,0.5921875,1.0,0.7438665358194309,237,0,261,379
0.999997,0.701254275940707,0.7953125,1.0,0.590625,1.0,0.7426326129666012,237,0,262,378
0.99999714,0.7001140250855188,0.79453125,1.0,0.5890625,1.0,0.7413962635201573,237,0,263,377
0.99999726,0.6989737742303307,0.79375,1.0,0.5875,1.0,0.7401574803149606,237,0,264,376
0.9999974,0.69327251995439,0.78984375,1.0,0.5796875,1.0,0.7339268051434223,237,0,269,371
0.9999975,0.6909920182440137,0.78828125,1.0,0.5765625,1.0,0.7314172447968286,237,0,271,369
0.99999774,0.6898517673888256,0.7875,1.0,0.575,1.0,0.7301587301587301,237,0,272,368
0.999998,0.6875712656784493,0.7859375,1.0,0.571875,1.0,0.7276341948310139,237,0,274,366
0.99999833,0.6864310148232611,0.78515625,1.0,0.5703125,1.0,0.7263681592039801,237,0,275,365
0.99999845,0.6841505131128849,0.78359375,1.0,0.5671875,1.0,0.7238285144566301,237,0,277,363
0.99999857,0.6795895096921323,0.78046875,1.0,0.5609375,1.0,0.7187187187187187,237,0,281,359
0.9999987,0.6738882554161916,0.7765625,1.0,0.553125,1.0,0.7122736418511066,237,0,286,354
0.9999988,0.6727480045610034,0.77578125,1.0,0.5515625,1.0,0.7109768378650554,237,0,287,353
0.9999989,0.6704675028506272,0.77421875,1.0,0.5484375,1.0,0.7083753784056509,237,0,289,351
0.99999905,0.6647662485746865,0.7703125,1.0,0.540625,1.0,0.7018255578093306,237,0,294,346
0.99999917,0.6579247434435576,0.765625,1.0,0.53125,1.0,0.6938775510204082,237,0,300,340
0.9999993,0.6533637400228051,0.7625,1.0,0.525,1.0,0.6885245901639344,237,0,304,336
0.9999994,0.6499429874572406,0.76015625,1.0,0.5203125,1.0,0.68448098663926,237,0,307,333
0.9999995,0.6442417331812998,0.75625,1.0,0.5125,1.0,0.6776859504132231,237,0,312,328
0.99999964,0.636259977194983,0.75078125,1.0,0.5015625,1.0,0.668054110301769,237,0,319,321
0.99999976,0.6202964652223489,0.73984375,1.0,0.4796875,1.0,0.648363252375924,237,0,333,307
0.9999999,0.5997719498289624,0.72578125,1.0,0.4515625,1.0,0.6221743810548978,237,0,351,289
1.0,0.5712656784492588,0.70625,1.0,0.4125,1.0,0.584070796460177,237,0,376,264
